:020000040800F2
:100000000000012091D80008C9490008D54900081E
:10001000DD490008E5490008ED490008000000003E
:10002000000000000000000000000000D1D5000822
:10003000F549000800000000C1D70008574D00082E
:10004000E1D80008E1D80008E1D80008E1D80008AC
:10005000E1D80008E1D80008E1D80008E1D800089C
:10006000E1D80008E1D80008E1D80008E1D800088C
:10007000E1D80008E1D80008E1D80008E1D800087C
:10008000E1D80008E1D80008E1D80008E1D800086C
:10009000E1D80008E1D80008E1D80008E1D800085C
:1000A000E1D80008E1D80008E1D80008E1D800084C
:1000B000E1D80008E1D80008E1D80008E1D800083C
:1000C000E1D80008E1D80008E1D80008E1D800082C
:1000D000E1D80008C5500008E1D80008E1D80008C0
:1000E000E1D80008E1D80008E1D80008E1D800080C
:1000F000E1D80008E1D80008E1D80008E1D80008FC
:10010000E1D80008E1D80008E1D80008E1D80008EB
:10011000E1D80008E1D80008A9AD000895AD0008B5
:10012000E1D80008E1D80008E1D80008E1D80008CB
:100130000348044B834202D0034B03B11847704776
:10014000FC010020FC010020000000000548064BD7
:100150001B1AD90F01EBA301491002D0034B03B1C5
:1001600018477047FC010020FC010020000000003F
:1001700010B5064C237843B9FFF7DAFF044B13B1EF
:100180000448AFF300800123237010BD000200205B
:1001900000000000E4D8000808B5044B1BB1044976
:1001A0000448AFF30080BDE80840CFE7000000003E
:1001B00004020020E4D8000820F0030110F003003E
:1001C000C0F1000051F8043B00F1040C4FEACC0CE4
:1001D0006FF000021CBF22FA0CF213434FF0010C27
:1001E0004CEA0C2C4CEA0C4CA3EB0C0222EA030266
:1001F00012EACC1204BF51F8043B0430F4D0C2F12F
:10020000000102EA0102B2FA82F2C2F11F0200EB1F
:10021000D2007047036A70B506460D468468002B0D
:1002200038D0A3891B0714D5236993B1013DA36876
:1002300015F8011F013BA360D9B1002B04DAA269B4
:100240009A420FDC0A290DD023685A1C22601970CB
:10025000EDE72146304601F075FF0028E6D04FF06B
:10026000FF3070BD2246304602F0DEFC0130DED1A8
:10027000F5E7002B08DA22460A21304602F0D4FCCA
:100280000130ECD00A2070BD0A222368591C21607D
:100290001A70F7E700F0F4F8C3E700BF024B01461D
:1002A0001868FFF7B7BF00BF0000002000207047AC
:1002B000024A0349034801F023BF00BF5000002059
:1002C00085060008040000200C4B416810B59942D7
:1002D000044601D000F0D6F9A168094B994202D03A
:1002E000204600F0CFF9E168064B994204D0204641
:1002F000BDE8104000F0C6B910BD00BF1C020020D0
:1003000084020020EC020020002070472DE9F84311
:1003100000250423294C2A490822C4F8381104F185
:100320005C002946DFF89C90DFF89C80274F284E20
:10033000C4E90335C4E90055C4E90555A5606566FF
:1003400000F0C6F8234B0822294604F1C400636775
:10035000C4E90849C4E90A87C4E91A55C4E91E5525
:1003600026632567C4F8CC50C4F8805000F0B0F87C
:10037000194B2946C4F8DC30082204F1680304F55F
:100380009670C4F88830C4E92398C4E92576C4E996
:100390003455C4E93855C4F8D850C4F83451C4F8B9
:1003A000E85000F095F804F1D003C4E93D98C4E9A1
:1003B0003F76C4F8F030BDE8F88300BF1C0200208F
:1003C000B1020008053800082D3800086D38000813
:1003D000913800080900010012000200F8B5254B11
:1003E0000646D3F83831002B3CD0234FD7E90134EF
:1003F000013B04D51DE05A1C04F1680419D0B4F97E
:100400000C50013B002DF6D11C4B08222946C4E9B3
:100410000155C4E90455E36065662560A56104F1F2
:100420005C0000F055F8C4E90D55C4E912552046AA
:10043000F8BD3D680DB12F46D8E74FF4D671304670
:1004400000F008FD044680B10423056029462546D6
:100450000C304FF4D072A060636000F039F83C605B
:100460002F46C3E7FFF752FFBFE70C233860336026
:10047000DDE700BF1C020020500000200100FFFF4C
:10048000036A03B17047044B044AD3F8383102625F
:10049000002BF7D13AE700BF1C020020C902000878
:1004A000704700BF704700BF0020024A024901F0B8
:1004B00027BE00BF50000020AD0200080020024A05
:1004C000024901F01DBE00BF5000002009030008D2
:1004D00070B5860747D0541E002A3ED00346CAB2E4
:1004E00001E0013C39D303F8012B9D07F9D1032C1E
:1004F0002CD9CDB205EB05250F2C1A4605EB054589
:1005000034D9A4F1100C2CF00F0603F1100EB644F0
:100510004FEA1C1CC2E90055C2E90255103272456F
:10052000F8D10CF1010214F00C0F03EB021204F0ED
:100530000F0C13D0ACF1040323F003030433134472
:1005400042F8045B9342FBD10CF003042CB1C9B216
:100550001C4403F8011BA342FBD170BD6446134643
:10056000002CF4D1F9E703461446C0E7A446E1E7BE
:10057000F8B5B1F90C300C461E07074639D44A6865
:10058000002A53DDE56A002D31D000223E683A6032
:1005900013F48052216A55D101233846A847451CDF
:1005A000024663D0B4F90C30E56A216A580705D5D4
:1005B0006368D21A636B0BB1236CD21A00233846DE
:1005C000A847421C40D00022236962602360A389AF
:1005D000DB0400D56065616B3E6041B104F144030A
:1005E000994202D0384601F0AFFC0023636300203B
:1005F000F8BD0E69002EFAD09B0718BF00230D68C6
:1006000008BF4B690E60AD1B8B600CE02B46324679
:10061000D4F828C03846216AE047B0F1000CA5EBB9
:100620000C05664406DD002DF0DCE0E70A6C002ACC
:10063000A8DCDCE7B4F90C3043F040034FF0FF30A6
:10064000A381F8BD626DB1E73968B4F90C301D299A
:10065000F2D80B4ACA40D507EED500226260226963
:100660002260DA04B7D50029B4D0B4E73B68002B88
:1006700098D01D2B01D0162BDCD13E60B7E700BF10
:10068000010040200B69B3B110B5044682B008B137
:10069000036A5BB1B1F90C3013B9002002B010BD90
:1006A000204602B0BDE81040FFF762BF0191FFF79E
:1006B000E7FE0199EEE70020704700BFB8B138B5FA
:1006C0000D4A0369044615682BB10DB12B6A53B16D
:1006D000B4F90C300BB9002038BD21462846BDE8DE
:1006E0003840FFF745BF2846FFF7CAFEF0E7034A48
:1006F0000349044801F004BD000000205000002020
:100700008506000804000020014B1868704700BFF0
:10071000000000202DE9F04D002B88B014461D4646
:10072000109E1299DDF8508041DB0022B8F1650F70
:100730000A7039D040DCB8F1450F35D0B8F1460F1A
:100740005FD103230093139B2246CDE9016307ABDE
:10075000049306AB03932B4600F09CFC074628F05D
:100760002003462B07EB060805D13B78302B3CD005
:10077000139B1E68B044204629460022002304F043
:100780005FF800283BD1079B984506D930215A1CB9
:1007900007921970079B4345F9D33846159ADB1B1E
:1007A000136008B0BDE8F08D02230136CAE703F1FB
:1007B000004B2D225D46B9E7B8F1660FC1D0139BFF
:1007C0002246CDE901630223009307AB049306ABF5
:1007D00003932B4600F05EFCB8F1670F0746BED1CD
:1007E000119BDB0721D4079BD7E70022002320467B
:1007F000294604F025F8D8B1139B1B68984443465A
:10080000CBE7139B2246CDE901630223009307AB9C
:10081000049306AB03932B4600F03CFCB8F1470F62
:1008200007469CD1119BDB07DDD507EB0608A2E745
:10083000139BC6F101061E609CE700BF0029B4BFF0
:100840002D232B2330B5B8BF4942092983B002704C
:1008500043702CDD0DF107042346194D8C461A46D2
:10086000A5FB01E3DB0803EB830EA1EB4E0101F1D5
:10087000300EBCF1630F194602F801EC02F1FF33B0
:10088000ECDC303103F8011C931EA34200F1020599
:100890000AD2411C13F801CBA34201F801CFF9D1D0
:1008A0000DF109039B1A1D44281A03B030BD3023F3
:1008B000051D1944C1708370281A03B030BD00BFF4
:1008C000CDCCCCCC2DE9F04F91B00C46DDF8688052
:1008D00016461F46054602F0E9FF036818460A93CC
:1008E000FFF76AFC00230E93D8F800300B90073313
:1008F00023F0070303F10802D4F800A094F818B01D
:10090000C8F80020D3E9008929F000430993CDF805
:1009100020804FF0FF32DDE90801C4E91289A04BC5
:1009200003F0C0FF40B9DDE908014FF0FF329C4BF6
:1009300003F09AFF002877D042464B46404649468E
:1009400003F0B0FF002840F03B8263684AF4806106
:100950005A1C0BF0DF0A35D0BAF1470F00F028819E
:10096000009321600191002106910EA905910DA926
:1009700003910DF1330142464B462846CDF810B0A5
:100980000291FFF7C7FE8046BBF1650F0D993AD97A
:10099000BBF1660F00F02E810E9B8B4240F3358138
:1009A0000029CCBF0122C1F10202134423614FF0A0
:1009B000000AA1659DF83330002B4DD02D2384F81B
:1009C000433049E0216001910021062006910EA9E3
:1009D000CDF810B0606005910DA903910DF13301C0
:1009E000424600904B4628460291FFF793FEBAF12B
:1009F000470F8046C8D10D99C81C80F2F480ABF136
:100A0000020B5FFA8BFB5A46013904F150000D913D
:100A1000FFF714FF0E9A82461318012A236140F350
:100A2000428101332361C5E7404649460022002345
:100A300003F010FF10B12D2384F843302AF0040393
:100A400023600323574A2361574B4FF0000ABBF141
:100A5000470F8CBF9046984633462146284600975C
:100A60000FAA01F089FC013023D0236858052BD44C
:100A70004246314628462369B847013019D02268DA
:100A80009207E0680F9B19D5984217DD4FF00008D8
:100A900004F1190904E0E0680F9BC21A42450DDD1C
:100AA00001234A4631462846B847013008F101087B
:100AB000F1D14FF0FF3011B0BDE8F08F9842B8BFD0
:100AC000184611B0BDE8F08FBBF1650F33D9D4E9FA
:100AD00012010022002303F0B3FE002800F09D80E5
:100AE000012331462846314AB8470130E1D0DDE9DB
:100AF0000D3A534502DB2268D107C1D5DDE90A234F
:100B000031462846B8470130D3D0BAF1010FB6DDDF
:100B10004FF000080AF1FF3A04F11A0901E0D0454C
:100B2000ADD001234A4631462846B847013008F186
:100B30000108F4D1BDE7DDF83890B9F1010F40F3B9
:100B40009D800123424631462846B8470130B0D047
:100B5000DDE90A2331462846B8470130A9D0D4E957
:100B600012010022002309F1FF3B03F069FE002877
:100B700000F09E80B9F1010F40F38B804FF0000828
:100B800004F11A0902E0D84500F0838001234A46A7
:100B900031462846B847013008F10108F3D188E70B
:100BA000FFFFEF7FE40C0108E00C0108F00C0108E6
:100BB0000BB901236360009321600191002106912C
:100BC0000EA905910DA903910DF133014246029141
:100BD0004B462846CDF810B0FFF79CFD0D99804696
:100BE000C81CFFF60CAF636899423FF708AF4FF09F
:100BF000670BD1E6002963685EDD2161002B00F000
:100C00008D8001330B442361D1E623682161DB072A
:100C10007FF5CDAE4B1C2361C9E60D9B002B52DD49
:100C20000E9BD4F858B099465B45A8BFD946B9F198
:100C3000000F089309DD4B46424631462846B84727
:100C400001303FF436AFD4F858B029EAE972934541
:100C500071DD4FF0000A934604F11A0904E0A36D18
:100C6000A3EB0B02524565DD01234A463146284677
:100C7000B84701300AF1010AF1D11AE7D9073FF567
:100C800060AF4246012331462846B84701303FF461
:100C900010AF53463146284604F15002B8470130A0
:100CA0007FF4EDAE05E72268D2077FF583AEB8E6A4
:100CB0005B4608F10102E6E7002B34D12268D20737
:100CC00031D4012372E60123314628464B4AB84706
:100CD00001303FF4EEAEDDE90D3A5AEA030324D0C9
:100CE000DDE90A2331462846B84701303FF4E1AE3A
:100CF0000D9B002B79DA4FF0000B04F11A0903E089
:100D00000D9B5B425B4570DD01234A463146284618
:100D1000B84701300BF1010BF2D1CAE62268D007C7
:100D20007FF545AE6DE7023340E62268D3077FF5D5
:100D3000A7AED5E79B460D9B089A9A4202DC226833
:100D4000D00708D5DDE90A2331462846B8470130E7
:100D50003FF4AFAE0D9B089AA2EB0B0AD31A9A454B
:100D6000A8BF9A46BAF1000F91460BDD53463146B3
:100D7000284608EB0B02B84701303FF49AAE4A46CA
:100D80000D9BD31A2AEAEA7A53457FF778AE4FF0E3
:100D90000008DDF820B004F11A0907E00D9BABEB69
:100DA0000303A3EB0A0343457FF769AE01234A46D9
:100DB00031462846B847013008F10108EED178E6FF
:100DC0004B46002BBCBF2D2384F843302AF004038C
:100DD000236003230A4A23610A4B4FF0000ABBF148
:100DE000470F8CBF9046984636E6534642463146FA
:100DF0002846B84701307FF442AE5AE6F00C0108AD
:100E0000EC0C0108E80C010870B5114E054633687A
:100E10000C46BBB12146284602F0E2FC431C0146C9
:100E20000CD0C41C24F00304A04205D02846611A4B
:100E300002F0D6FC013001D0204670BD4FF0FF34E7
:100E4000204670BD194602F0CBFC3060E2E700BFDF
:100E5000580300202DE9F843CD1C25F00305083583
:100E60000C2D38BF0C25002D064618DBA94216D8DC
:100E7000DFF8DC8001F054FCD8F80420A2B114465D
:100E800003E0636822467BB11C4623685B1BF8D4F1
:100E90000B2B1FD89442636854D053600CE00C2392
:100EA00033600020BDE8F88329463046FFF7ACFFE9
:100EB000431C044619D00560304601F033FC04F1B0
:100EC0000B00231D20F00700C21A1CBF1B1AA350E1
:100ED000BDE8F88361199442256014BF5160C8F8D9
:100EE0000410635163684B60E6E7D8F804701FB3E1
:100EF0003C467F68002FFBD123683946304604EB1F
:100F0000030902F06DFC814516D123683046ED1AC5
:100F10002946FFF779FF01300ED02368D8F8042066
:100F20002B442360536883B1A34203D01A465B6805
:100F30009C42FBD10023B0E70C233046336001F024
:100F4000F1FBAEE7C8F80430B6E7C8F80470B3E7C1
:100F500058030020000000002DE9F04F03690C69E0
:100F600085B0A342C0F291808146013C01F1140595
:100F700009F1140855F8243058F824C001339C4571
:100F8000BCFBF3F64FEA840005EB840708EB840210
:100F900043D34FF0000CAA46CDE90105C64663468F
:100FA00065469346CDF80C805AF8040BDEF8002015
:100FB0001FFA80FC06FB0C554FEA10484FEA154C0F
:100FC00006FB08CCADB290B2401B18441FFA8CF35C
:100FD000C3EB204303EB124380B240EA0340574582
:100FE0004EF8040B4FEA1C454FEA2343DCD2DDE9FF
:100FF0000105DDF80C8058F8003073B9ABF104023C
:10100000904504D307E0904504F1FF3403D252F831
:101010000439002BF7D0C9F81040484602F07EF999
:1010200000282EDB4146002255F8040BD1F800C001
:101030001FFA80FE1FFA8CF3A3EB0E031344020C7D
:10104000C2EB234202EB1C429BB243EA0243AF4293
:1010500041F8043B4FEA2242E6D258F8242008EB3C
:1010600084036AB9043B434504D807E0984504F17A
:10107000FF3403D253F80429002AF7D0C9F81040EE
:101080000136304605B0BDE8F08F002005B0BDE860
:10109000F08F00BF2DE9F04F16461F46C5699DB081
:1010A000CDE90667299C0390002D00F0B2832968E2
:1010B00051B101236A6893404A608B6001F068FE79
:1010C0000022039BDB691A60B7F10009B4BF01235A
:1010D00000232360784BBCBF29F00049CDF81C9059
:1010E00033EA090300F0AE80DDE9063418462146F4
:1010F00000220023CDE9040103F0A2FB804668B181
:101100000123289A13602A9B13B16C4B2A9A13600F
:101110006B4B089308981DB0BDE8F08F1AAB019394
:101120001BAB00930398DDE9042302F055FA5FEA54
:101130001955824640F09C80DDE91A85454405F248
:101140003243202B40F39983C3F1400309FA03F99A
:1011500005F2124326FA03F349EA030003F08EF87E
:101160000123013D1193A1F1F8710022554B02F0CA
:1011700047FF4BA3D3E9002303F0FAF84AA3D3E9CE
:10118000002302F03FFF064628460F4603F086F88C
:1011900047A3D3E9002303F0EBF802460B463046A1
:1011A000394602F02FFF06460F4603F091FB00225E
:1011B0000446099000233046394603F04BFB0028D3
:1011C00040F03483099CA8EB0508162C08F1FF3B7E
:1011D00000F21383DDE904013B4B03EBC403D3E9C5
:1011E000002303F037FB002874D0631E099300230B
:1011F000BBF1000F1093C0F2068300230B93099BF1
:10120000002B6DDA099B0B9A0E93D21A5B420F9357
:1012100000230993269B0B92092B69D8052BC4BF89
:10122000043B2693269BC8BF0025A3F10203D8BF29
:101230000125032B00F24C86DFE813F07A047704D3
:101240006E04500442F20F73289AC9F3130959EA45
:10125000060913601CD12A9B002B00F02F861B4B24
:10126000089308332A9A089813601DB0BDE8F08FE0
:10127000DDE90412C2F31303084643F07F51CDF8B1
:101280004480A5F2FF35DDF8688041F440116CE739
:101290002A9B002B40F0FE830D4B08933AE700BFDA
:1012A00061436F63A787D23FB3C8608B288AC63F6C
:1012B000FB799F501344D33F0000F07FF10C0108ED
:1012C000F00C01080000F83F20DB0008F40C0108D6
:1012D000000D0108B8F1000F40F3AF8410900B909F
:1012E000099B9B440E9300230F93269B092B95D9B2
:1012F000002326934FF0FF3301250A9300230C951A
:1013000027930021039BDB6959600A9B189303987C
:1013100001F0FEFC0890002800F0E385039B089A8A
:10132000DB691A600A9B0E2B00F20D81002D00F084
:101330000A810E99002940F34E84AE4B01F00F0252
:1013400003EBC2030A46D3E90067D2054FEA211531
:1013500040F11084DDE90401A74B4FF00309D3E904
:10136000082303F02FF9CDE9120105F00F058DB127
:10137000DFF88482EB0709D5D8E9002330463946E7
:1013800002F0F6FF06460F4609F101096D1008F15B
:101390000808EFD1DDE912013B46324603F012F9AD
:1013A00007468846109B43B1002238464146934B7E
:1013B00003F050FA002840F01285484602F06EFF14
:1013C0003A46434602F0D4FF8D4B002202F01AFE4B
:1013D0000A9B0446A1F15075002B00F09D800E9BE6
:1013E00019930A9B12934146384603F071FA1299F9
:1013F000804BCDE9144503EBC10353E902340546A4
:10140000CDE9163402F04AFF0B4602464146384603
:1014100002F0F6FD089F0C9B30357E1CECB2804636
:1014200089463546002B00F06B84DDE91623002049
:10143000744903F0C7F8DDE9142302F0E1FD3C70C4
:1014400042464B4604460D4603F022FA002840F07F
:10145000B984CDF858B0CDF850A0AB460027A246CD
:10146000129D2AE00137AF4280F20185504659466D
:101470000022654B02F07CFF0022634B82468B46C4
:101480004046494602F074FF8946804603F020FA40
:10149000044602F003FF02460B464046494602F06E
:1014A000AFFD303452465B4606F8014B8046894614
:1014B00003F0D0F9002840F0D78442464B46002084
:1014C0004E4902F09DFD52465B4603F0C3F90028E9
:1014D000C8D0199B3746DDF850A0089A03F10108DF
:1014E00002E0974200F0A1843E4617F8013D392BF7
:1014F000F7D00133DBB245463B706DE1484602F060
:10150000CDFE3A46434602F033FF00223C4B02F048
:1015100079FD0446A1F15075384600223B4B414607
:1015200002F06EFD22462B4606460F4603F0B0F948
:10153000002840F0898430463946224605F10043B0
:1015400003F088F928BB1B9B002BC0F291800E9AF8
:101550000E2A00F38D80274B0E9A03EBC203D3E9CA
:101560000034CDE90634279B002B19DA0A9B002BA7
:1015700016DC0ED1DDE906010022244B02F0F8FE54
:1015800002460B46DDE9040103F06EF9002800F085
:101590005B8400231F46089E0493279BDD4340E2A3
:1015A000089B5D1CDDE90678DDE904013A46434607
:1015B00003F008F803F08CF9064602F06FFE3A4695
:1015C000434602F0D5FE02460B46DDE9040102F077
:1015D00017FD089A06F1300313700A9B2F46012B62
:1015E00000F036830125CDF810A0A846DDE906AB52
:1015F00099462BE020DB000810DC00080000F03FDB
:1016000000001C400000E03F0000244000001440A7
:1016100052465B462046294602F0D4FF03F058F9B3
:10162000064602F03BFE52465B4602F0A1FE08F180
:1016300001080B4602462946204602F0E1FC06F16D
:101640003003C84507F8013B00F0008300228D4BB2
:1016500002F08EFE0022002304460D4603F0F0F84F
:101660000028D5D00E9D3E46DDF810A00135B3E030
:101670000C9A002A40F0EE8000231F460F9E0B9D1F
:101680000C9365B1BBF1000F09DD5D452B46A8BF8A
:101690005B460B9AED1AD21A0B92ABEB030B0F9B26
:1016A00053B10C9B13B1002E40F00B8351460F9A9F
:1016B000039801F04FFD82460121039801F082FC5E
:1016C000099B0490002B40F0D081269B012B40F316
:1016D000E6810120584410F01F0000F0B480C0F1F2
:1016E0002003042B40F3F5810B9BC0F11C00034445
:1016F0000B93054483440B9B002B05DD51461A4692
:10170000039801F097FD8246BBF1000F05DDDDE98E
:1017100003015A4601F08EFD0490109B002B40F00F
:1017200089810A9B002B40F361810C9B002B40F0C8
:10173000B8800E9D01350126DDF82080049CDDF87F
:1017400028B0DDF80C9007E0514600230A224846F5
:1017500001F042FB8246013621465046FFF7FCFB72
:10176000B34500F1300008F8010BEDDC0A9B81461F
:10177000002BCCBF1E4601260024089B03EB060B62
:1017800051460122039801F055FD0499824601F06B
:10179000C5FD002840F30282089A02E0934500F05C
:1017A00015821BF8013C5E46392B0BF1FF3BF5D04F
:1017B00001338BF80030DDE90381404601F0E8FA9F
:1017C00057B12CB1BC4203D02146404601F0E0FAAB
:1017D0003946039801F0DCFA5146039801F0D8FA33
:1017E00000233370289B1D602A9B002B3FF492AC92
:1017F00008981E601DB0BDE8F08F0123BBF1000FFB
:101800001093BFF6FAACC8F101034FF0000B0B9335
:10181000F5E4102000F06EFD039BD861002800F075
:101820005183C0E90055C0E902554DE4204602F05D
:1018300035FD32463B4603F003F800287FF4C2AC86
:10184000631E0993BEE41C230B9A1D441A440B9299
:101850009B4450E7269A012A40F3AB810A9A0F9BDA
:10186000561EB342C0F26781002AA3EB060680F23F
:10187000EF82DDE90A239D1A6AE1C3F1200306FA2B
:1018800003F06BE400002440394600230A22039849
:1018900001F0A2FA189B0746002B40F302830E9634
:1018A0000A93002D05DD39462A46039801F0C2FC53
:1018B0000746099B002B40F0E881B846089B0A9C2C
:1018C0001E46013B1C44069B03F00103CDE90A437D
:1018D000039C04995046FFF73FFB39468346504628
:1018E00001F01CFD049905464246204601F036FDF4
:1018F000C36801460BF13009ABBB0990504601F0BB
:101900000DFD09990990204601F042FA099A002A32
:1019100054D1269B1BB90B9B002B00F0AE82002DEF
:101920003FDBB3460A9B0BF8019BB34200F0C48136
:10193000514600230A22204601F04EFA47458246CE
:1019400039464FF000034FF00A02204630D001F034
:1019500043FA414600230A220746204601F03CFA9A
:101960005E468046B5E7039801F012FA002D06DBCB
:10197000069B03F00102269B1D432A4329D15146B1
:101980000122039801F056FC0499824601F0C6FC3E
:10199000002840F3F780B9F1390F00F04B820BF1CA
:1019A00031090E9D3C460135474606F8019B02E78A
:1019B00001F012FA5E46074680468AE7002DC0F223
:1019C000A282269B1D430B9B1D4300F09C82002A94
:1019D000A7DDB9F1390F00F02D820E9D09F1010349
:1019E0003C460135474606F8013BE4E6269B022BC0
:1019F0007FF79BAE0A9B002B40F0268105220499BD
:101A0000039801F0E9F901460490504601F086FC84
:101A1000002840F3198131230E9D089E013506F8F8
:101A2000013BDDE9030101F0B3F90135002F7FF43B
:101A3000CFAED1E65046049901F070FC0028BFF605
:101A400070AE514600230A2203980E9C01F0C4F99F
:101A50000C9B8246661E002B7FF416AF189B002B52
:101A600040F312820E9D0A9365E601461A460398DA
:101A700001F070FB269B0490012B6FDD002309937E
:101A8000049A136902EB8303186901F04BFAC0F161
:101A900020001FE6964B08930333FFF7E3BB069B3A
:101AA000002B7FF416AEDDE90612C2F31303002B00
:101AB0007FF40FAE8F4B13402BB10B9B0BF1010B3F
:101AC00001330B930123099A0993002A3FF401AED5
:101AD000D6E73FF410AEC0F13C03B5E601230C930A
:101AE000279B0E9A134418930133012B1F46B8BF4E
:101AF00001270A93039B172FDE6940F2008201221F
:101B000004235B0003F11400B842114602F1010204
:101B1000F7D97160FFF7FBBB01230C93279B002BC8
:101B200037DD1F4618930A93E4E700230C93D7E7A9
:101B300000230C93F2E70F9B0F96F31A0026099AE5
:101B40001A4409920B9B0A9A1D46134493440B9323
:101B50000121039801F036FA074692E5069B002B17
:101B60008CD1DDE90601C1F313030A46002BA1D095
:101B7000099085E7DDE904344FF00209CDE912341C
:101B8000FFF7F5BB7FF40DAF19F0010F7FF403AF42
:101B900007E7012327930A93FFF7B3BB03D119F09B
:101BA000010F7FF4F9AD5E461BF8013D302BFAD0F2
:101BB00001E6119A002A00F0088103F233430B9AE0
:101BC0000F9E15461A449B440B92C1E73123089A95
:101BD00001351370EFE500F0FC80DDE904010E9A99
:101BE000454B554205F00F0203EBC203D3E9002336
:101BF00002F0BEFB2D11CDE9120100F05981002346
:101C00004FF00209074688463C4EEC070AD5D6E954
:101C100000233846414602F0ABFB012307468846C5
:101C200009F101096D1006F10806EED1002B7FF4D1
:101C3000B9ABDDE91278FFF7B5BBC8F10103834604
:101C40000B931090FFF74CBB089EA6E4DDF810A0A4
:101C500002460B4602F0D6F902460B460E9DCDE930
:101C60000423DDE906230135A84602F011FE40B940
:101C7000DDE90623DDE9040102F0E2FD18B1F00719
:101C800001D5089A30E43E46A6E50398796801F04C
:101C90003FF80546002800F02B813B6907F10C0155
:101CA00002339A000C3000F0AFFA01222946039863
:101CB00001F0C0FA804601E60E9D3C4601354746DC
:101CC0005EE5039C39463246204601F043FA07465A
:101CD00052463946204601F08BF95146824620464D
:101CE00001F056F80F9B9B1B0F933FF4E5ACDDE42E
:101CF000000D01080000F07F20DB000810DC000868
:101D0000DDE91623DDE9140102F032FB089BCDE981
:101D10000C011C70129B012B00F0C180129F089BCC
:101D200011961F440022804B4046494602F020FB9A
:101D30000D46044602F0CCFD814602F0AFFA0246A1
:101D40000B462046294602F05BF909F1300906F8F6
:101D5000019BB74280468946E4D1119D0022DDE90E
:101D60000C01724B02F04EF902460B4640464946C2
:101D700002F08EFD002871D1DDE90C2300206B49B3
:101D800002F03EF902460B464046494602F062FD2B
:101D900088B91B9B002BFFF66FAC0E9B0E2B3FF7F9
:101DA0006BAC634B0E9A03EBC203D3E90034CDE96D
:101DB0000634FFF7F7BB17F8013C3E46302B07F11E
:101DC000FF37F8D0199D013506E51A9BC3F136039C
:101DD000F5E64FF00209DDE90478FFF7E3BA0A9B64
:101DE000002B3FF48BAB189C002C7FF7ACAB0E9B09
:101DF0003846013B4146002219934B4B02F0B8FA9A
:101E000002468846174609F1010002F047FA3A46B1
:101E1000434602F0ADFA0022464B02F0F3F812946A
:101E2000A1F150750446FFF7DEBA312308F101082D
:101E3000FFF761BBB34639230E9D3C46089A4746DF
:101E400001350BF8013BACE400231F460493E2E5A7
:101E50000B9B93441D4613440B9379E6199B089AF8
:101E600003F10108FFF740BBDDF850A0AAE7DDF859
:101E700058B0DDF850A0FFF766BBB9F1390FD9D0E3
:101E8000002D3FF78CAD8CE5269B022B03DC189BC5
:101E90000E9D0A934FE4189B0E960A93AAE53746C7
:101EA0005CE7269B022BF6DC189B0E960A93F8E45F
:101EB0004FF00209DDE91278FFF774BA1E4B089360
:101EC000FFF728B90246EF211C4B1D4800F0FAFE2F
:101ED000002503982946C3695D6000F019FF08904A
:101EE000A8B9002240F2AF11164B154800F0EAFEE7
:101EF000024640F2EF21134B114800F0E3FE0021AF
:101F00007160FFF704BA002A3FF739AD49E5039B3A
:101F10000899DB694FF0FF32196001232795189269
:101F20000C930A92FFF70FBB000024400000E03F33
:101F300020DB000800001C40F40C0108040D01081F
:101F40001C0D0108480D0108002950D038B551F882
:101F5000043C0C1F002BB8BFE418054600F0E0FB62
:101F6000274A13682BB1A3420CD921686018834219
:101F70002CD0284663601460BDE8384000F0D2BB26
:101F8000A3420FD81A465B68002BF9D1116850188C
:101F9000844217D02CD3636054602846BDE8384093
:101FA00000F0C0BB11685018A04214D020D821689E
:101FB00060188342EFD118685B680844C4E90003E5
:101FC0005460EAE723680B441360E6E718685B682F
:101FD00008442060CDE72068014450188342116016
:101FE000DBD1D3E900040144C2E90014D5E770470E
:101FF0000C2328462B60BDE8384000F093BB00BF9F
:102000005C03002088420ED98B1883420BD900EB69
:10201000020C002A6DD0624613F801CD994202F8F5
:1020200001CDF9D170470F2A0FD8034602F1FF3CCA
:10203000002A5ED00CF1010C013B8C4411F8012BFD
:10204000614503F8012FF9D1704740EA01039B076E
:1020500050D1A2F1100370B501F1200C23F00F054F
:1020600001F1100E00F11004AC441B095EF8105C85
:102070000EF1100E44F8105C5EF81C5C103444F84D
:102080001C5C5EF8185C44F8185C5EF8145CE6456D
:1020900044F8145CEAD1013312F00C0F01EB031188
:1020A00002F00F0400EB031328D08E46043C24F00A
:1020B00003064FEA940C1E441C1F5EF8045B44F8B0
:1020C000045FB442F9D10CF1010402F0030203EB06
:1020D000840301EB840102F1FF3C4AB10CF1010CD5
:1020E000013B8C4411F8012B614503F8012FF9D114
:1020F00070BD7047034602F1FF3C9BE72246EAE7CA
:102100002DE9F8434FF0000980460F461646D6E900
:102110000154013D10D4A389012B08D9B4F90E3024
:10212000013304D021464046B84749EA0009013D41
:102130006B1C04F16804EED13668002EE7D14846E6
:10214000BDE8F88338B52F4B05461B680C4613B124
:102150001A6A002A4BD0B4F90C3018071CD5226932
:1021600022B313F0010107D000206169A060494249
:10217000A1613AB1002038BD980758BF6169A160DC
:10218000002AF7D1190658BF1046F4D543F0400392
:10219000A3814FF0FF3038BDD9062CD55A0712D491
:1021A000226943F00803A381002ADAD103F42071E5
:1021B000B1F5007FD5D02146284600F0B5FAB4F934
:1021C0000C302269CDE7616B51B104F144029142B8
:1021D00004D02846FFF7B8FEB4F90C300022626341
:1021E0000021226923F02403C4E90021D9E718461D
:1021F000FEF746F9AFE7092243F040032A60A381C6
:10220000C7E700BF00000020844641EA000313F046
:10221000030349D1403A23D30B6803604B68436002
:102220008B688360CB68C3600B6903614B69436152
:102230008B698361CB69C3610B6A03624B6A43623A
:102240008B6A8362CB6AC3620B6B03634B6B436322
:102250008B6B8363CB6BC36340304031403ADBD23E
:1022600030320BD30B6803604B6843608B6883602C
:10227000CB68C36010301031103AF3D20C3205D362
:1022800051F8043B40F8043B043AF9D2043208D038
:10229000D2071CBF11F8013B00F8013B01D30B88AA
:1022A00003806046704700BF082A13D38B07B1D064
:1022B00010F00303AED0C3F10403D21ADB071CBF36
:1022C00011F8013B00F8013BA4D331F8023B20F8A0
:1022D000023B9FE7043AD9D3013A11F8013B00F8D9
:1022E000013BF9D20B7803704B7843708B78837085
:1022F00060467047024B01461868FEF7ABBD00BF51
:1023000000000020024B01461868FFF71DBE00BF09
:10231000000000202DE9F041144641B30AB30646FF
:102320000D4601F0B9FA8442074602D8B4EB500FCB
:1023300013D821463046FEF78DFD804650B1BC4291
:102340002246294628BF3A46FFF75EFF2946304617
:10235000FFF7FAFD4046BDE8F081A8464046BDE8DB
:10236000F081A046FFF7F0FD4046BDE8F081114640
:10237000BDE8F041FEF76EBD2DE9F84F92461F46CD
:102380000A698B680C469A42B8BF1A46CAF8002000
:1023900091F843300646DDF8289013B10132CAF8AF
:1023A0000020226891065FD5DAF800300233CAF8BF
:1023B0000030226812F0060F11461DD1E1689942E3
:1023C000D8BF114618DD4FF0000804F1190B05E0E5
:1023D000E568DAF80030ED1A45450CDD01235A4670
:1023E00039463046C847013008F10108F0D14FF0B6
:1023F000FF30BDE8F88F216894F84330003B18BFE8
:1024000001238A060AD53021E21882F8431094F895
:1024100045105A1C2244023382F843103946304694
:1024200004F14302C8470130E1D0D4E90220236817
:10243000DAF8005003F00603042B21691BD08A420E
:1024400020DD4FF00008521A904400251A3401E0B4
:10245000454517DA0123224639463046C847013040
:1024600005F10105F4D1C2E712F0060F0DD0003BD3
:1024700018BF0123D2E7401B8A4220EAE078E2DC61
:102480000028E2DC0020BDE8F88FE168DAF80030CF
:102490009942D8BF114696DCAEE700BF2DE9F04760
:1024A00017460A7E84B00C46064698460C9D01F1FC
:1024B000430C002A35D0A2F15803D9B2202969D89B
:1024C000202B67D8DFE813F0E600660066006600A0
:1024D0006600660066006600660066006600AC0086
:1024E00070006600660066006600700066006600A8
:1024F0006600660021008300C60066006600B60024
:102500006600830066006600EC002B682268181DD8
:102510006169286010061B6802D4520600F1E08051
:1025200019600023E14623613B4621463046CDF841
:10253000008003AAFFF720FF013020D04A46394629
:1025400030462369C047013019D02368E0689B07F3
:10255000DDF80C9018D5484516DD002504F1190A60
:1025600004E0E068A0EB0903AB420DDD0123524615
:1025700039463046C047013005F10105F1D14FF031
:10258000FF3004B0BDE8F0874845B8BF484604B006
:10259000BDE8F087012084F8422004F142090023BD
:1025A000206184F84330BFE72A682368111D1806AC
:1025B000296002D4590600F1958010680146002870
:1025C0006268C0F293804FF00A0E534815E020680D
:1025D0002B6810F0800F53F8041B02D1400648BF4F
:1025E00089B26F2A14BF4FF00A0E4FF0080E4A4806
:1025F0002B600023626884F84330002AA26051DB1C
:10260000236823F00403236000294BD1002A7BD1E7
:10261000E146BEF1080F56D0ACEB0903236183E716
:102620002A680120116804322A6004F1420984F802
:102630004210B4E72B6800211A1D2A60D3F80090DD
:102640006268484600F0F8F8002863D0A0EB090063
:102650006060A4E7236843F02003236078222F48BA
:1026600084F845202A6813F0800F52F8041B03D128
:1026700013F0400F18BF89B22A60DA0744BF43F055
:102680002003236019B9236823F0200323604FF04F
:10269000100EAEE75823204884F845302368E1E760
:1026A0002368DBE77546E146B1FBF5F30A4605FB17
:1026B000131A194610F80A30AA4209F8013DF3D25C
:1026C000BEF1080FA8D12368DD07A5D5626823698C
:1026D0009A42A1DC302309F1FF3989F800309BE7E9
:1026E00019801EE7B2F90010084668E72D20002A7D
:1026F000A26084F8430002DB23F0040323600A2570
:102700000548AE464942CEE7037804F1420984F811
:1027100042307EE7606842E75C0D0108700D0108F9
:10272000704700BF704700BF70B5B1F90C300C4660
:10273000990796B007D5012204F14703C4E9043292
:10274000236016B070BDB4F90E100546002929DBD0
:102750006A4601F0A7FA002822DB4FF48061284680
:10276000019EFEF777FB88B3A38906F4704643F019
:102770008003A3814FF48063B6F5005FC4E90403CE
:102780002060DED12846B4F90E1000F0C5F800280C
:10279000D7D0A38923F0030343F00103A381D0E73B
:1027A000B4F90C3013F0800F14BF40264FF480664C
:1027B00028463146FEF74EFB40B1A389C4E9040622
:1027C00043F080032060A38116B070BDB4F90C30D3
:1027D0009A05B6D4012123F0030304F1470243F024
:1027E0000203C4E90421A3812260AAE770B50C4664
:1027F000B1F90E10154600291E4696B00FDB6A4649
:1028000001F050FA00280ADB019B4FF4806203F4C8
:102810007043A3F50053B3FA83F35B0907E0A28981
:10282000002312F0800F14BF40224FF4806200207A
:1028300033602A6016B070BD5FFA81FC810744D016
:102840000346511E22B909E09A0709D0013905D380
:102850001846027801336245F6D170470020704770
:10286000184603290CD80029F8D00346014401E09A
:102870008B42F3D0184613F8012B6245F8D170470C
:1028800010B50CEB0C24024604EB044402E00439BE
:10289000032915D9104652F8043B6340A3F1013EC9
:1028A0002EEA030313F0803FF1D00346014401E018
:1028B0008B4208D0184613F8012B6245F8D110BDA1
:1028C00010460029F1D1002010BD1146C9E700BF14
:1028D0000EB400B582B003AB53F8042B81680193AA
:1028E00000F068F802B05DF804EB03B0704700BF79
:1028F0000FB400B5074A83B004AB106853F8042B3B
:102900008168019300F056F803B05DF804EB04B061
:10291000704700BF00000020002238B5064D044675
:1029200008462A6002F0EAF9431C00D038BD2B6843
:10293000002BFBD0236038BD600300209368013B6F
:10294000002B936005DAD2F818C0634507DB0A292B
:1029500005D01368581C106008461970704700F0C5
:1029600063B900BF9BB1F8B5134406460F46541E29
:102970005D1E01E0AC4208D03A46304614F8011F13
:10298000FFF7DCFF431CF5D1F8BD0020F8BD0020A7
:10299000704700BF936810B514461BB91846002352
:1029A000636010BD00F08AFF0023A3600023636012
:1029B00010BD00BF2DE9F04FA1B08B4691461C46DB
:1029C000049018B1036A002B00F01381BBF80C309F
:1029D000180740F18E80DBF81030002B00F0898062
:1029E000002343F220020D9399F800300127824E14
:1029F0000794ADF83920002B73D04D4603E015F84D
:102A0000013F002B7FD0252BF9D1B5EB090A7DD1F1
:102A10002B78002B65D000234FF0FF320135CDE934
:102A2000092308930B938DF863301E9306E0254627
:102A3000089B801B07FA00F0034308932C460522ED
:102A400014F8011B3046FFF7F7FEA1460028EED12F
:102A5000089BD90644BF20228DF863201A0748BF7F
:102A60002B22297848BF8DF863202A2964D1079A40
:102A70001168043200290792C0F296800B916978A0
:102A80002E296FD05D4C03222046FFF7D5FE38B1CA
:102A90004022089B001B8240134309F1010908935F
:102AA00019F8011B062256488DF83810FFF7C4FEAE
:102AB00000287FD0534B002B69D007A900915A46BC
:102AC0000498514B08A9FDF7FDFE0390039B0133C9
:102AD00007D00D9B039A13440D9399F80030002BF7
:102AE0008BD1BBF80C305B060AD40D9821B0BDE841
:102AF000F08F59460498FFF725FB00283FF470AF8C
:102B00004FF0FF30F2E7B5EB090AEAD009F1FF38E0
:102B100005954546DDF8108001E0A2453ED92C46DA
:102B20005A46404615F8011FFFF708FF02340130EE
:102B3000A4EB0904F1D1D4E7A1F13002092A88BF3E
:102B4000A9469DD80B9B00E00134217803EB830359
:102B500002EB4303A1F13002092AF5D92E29A1463F
:102B60000B938FD199F801102A292DD1079B09F1D8
:102B700002001A680433002A0793B8BF4FF0FF33EE
:102B800099F8021009928146B8BF09937AE7079B2A
:102B9000073323F00703083307939AE70D99059D40
:102BA00051442B780D9134E7494243F002030B91D5
:102BB000089364E707A900915A460498124B08A9A4
:102BC000FFF76CFC039081E70023A1F13002092A92
:102BD00009F1010909933FF655AF19F8011F03EBFD
:102BE000830302EB4303A1F13002092AF5D90993CB
:102BF00048E7FDF745FCE9E6840D01088C0D010866
:102C0000900D0108C5080008652900088C4600B52C
:102C100086461346034A714610685DF804EB624627
:102C2000FFF7C8BE00000020F8B506460D46144662
:102C300010B1036A002B37D0A269A389A2601A07DA
:102C400019D52369BBB122686169D31AEDB29942E3
:102C50002F4620DD0133A1680139A160511C21609C
:102C6000157062699A420DD0A389DB0701D50A2D40
:102C700008D03846F8BD21463046FFF763FA38B928
:102C80002369E0E721463046FDF7FCFC0028F0D040
:102C90004FF0FF37EDE721463046FDF7F3FC002803
:102CA000F6D101232268D6E7FDF7EAFBC4E700BFAF
:102CB00003460A46024908681946FFF7B5BF00BF38
:102CC00000000020144600B51A460A4B0D461B684A
:102CD00085B0DE6803464CB107490191304607498B
:102CE0000294009500F0CAFF00F05EFF04490C4614
:102CF000F3E700BF00000020980D0108A80D0108AF
:102D0000A40D010808B513460022FFF7DBFF00BF42
:102D100070B5C66905460C465EB1F368A3B153F8B9
:102D20002400E8B1026843F824200023C0E90333FB
:102D300070BD1020FFF7DEFA0646E861E8B1002317
:102D4000C0E90033C0E9023321220421284600F003
:102D500045FFEB69F060DB68002BE0D1002070BD1F
:102D60000121284601FA04F56A1D920000F036FFA1
:102D70000028F3D0C0E90145D7E702466B21024B9A
:102D80000248FFF79FFF00BF040D0108D80D01089E
:102D900070B5C66905460C464EB13CB1EB69626838
:102DA000DB6853F82210216043F8224070BD1020E8
:102DB000FFF7A0FAE86120B1C0E90066C0E9026649
:102DC000EBE702468F21024B0248FFF77BFF00BF73
:102DD000040D0108D80D01082DE9F0414FF0000E57
:102DE0000E461C460D69074601F1140001680EF1FC
:102DF000010E8BB202FB0343090C4FEA134C02FB9A
:102E000001CC9BB203EB0C43754540F8043B4FEA01
:102E10001C44EBDC3CB1B368AB4207DD06EB850339
:102E200001355C6135613046BDE8F0817168384636
:102E30000131FFF76DFF804690B1326906F10C0158
:102E4000023292000C30FFF7DFF931464646384631
:102E5000FFF79EFF06EB850301355C613561E2E714
:102E60000246BA21014B0248FFF72CFF480D01082A
:102E7000D80D01082DE9F8431E460C4626490833B3
:102E8000174681FB032C092E4FEAE3730546C3EB7B
:102E90006C0339DD4FF0010C00214FEA4C0C634507
:102EA00001F10101F9DC2846FFF732FF014668B362
:102EB000089B092F43614FF00103036112DC0927CE
:102EC0000A34BE420BDDF61B264414F8013B0A22ED
:102ED0002846303BFFF780FFB4420146F5D1084653
:102EE000BDE8F88304F10909C8463C4418F8013BE1
:102EF0000A222846303BFFF76FFFA0450146F5D177
:102F0000A7F108044C44DCE70021CCE70246D321BA
:102F1000024B0348FFF7D6FE398EE338480D01080F
:102F2000D80D0108B0F5803F03463ABF102083401A
:102F30000020B3F1807F3CBF1B020830B3F1805FFB
:102F40003CBF1B010430B3F1804F03D3002B06DBE1
:102F5000013070479B0003D45B0003D420207047EE
:102F600002307047033070470368014613F00702D0
:102F700009D0DA0721D498074BBF5B089B080120D2
:102F800002200B60704798B2A0B11046DAB20AB9BD
:102F900008301B0A1A0704BF1B0904309A0704BF34
:102FA0009B080230DA0703D45B0800F1010006D069
:102FB0000B6070471020C340E8E7002070472020D6
:102FC000704700BF10B50C460121FFF7A1FE024675
:102FD00018B10123C0E9043410BD40F24511024B81
:102FE0000248FFF76FFE00BF480D0108D80D010829
:102FF0002DE9F04FD1F8108015690E46A84592468C
:1030000085B005DB2A46534645468A4690461E460D
:10301000DAF80830DAF8041005EB0804A342B8BF68
:103020000131FFF775FE002800F0898000F11407D8
:1030300007EB840E774505D23B46002243F8042B6C
:103040009E45FBD8143606EB88080AF1140946455C
:1030500009EB850566D2A5EB0A03153B23F00303B4
:103060000AF1150A043355452CBF9B464FF0040B5B
:10307000CDF808E08246AE46039405E0090C2AD15B
:10308000B04507F104074AD956F8041B8DB2002D4C
:10309000F4D0CC463C46002301965CF8040B216832
:1030A00086B28AB205FB0622000C090C05FB001152
:1030B0001A4401EB124192B242EA0142E64544F859
:1030C000042B4FEA1143E8D8019E47F80B3056F81D
:1030D000041C090CD4D000223B6848461D463C46DF
:1030E000944602889BB201FB02C202EB154243EAFE
:1030F000024344F8043B50F8043B25684FEA134C64
:10310000ABB201FB0C33704503EB12434FEA134C97
:10311000E7D3B04547F80B3007F10407B4D8DDE931
:1031200002E45046002C02DC05E0013C03D05EF8CE
:10313000043D002BF9D0046105B0BDE8F08F0246D4
:103140004FF4B171014B0248FFF7BCFD480D010877
:10315000D80D01082DE9F04112F00303144607468B
:1031600082B02DD10E46A4101CD0FA698AB395689E
:10317000002D39D0E3074FF0000806D4641011D0B9
:10318000286898B10546E307F8D531462A463846FF
:10319000FFF72EFF0346314638461E46FFF7F8FD7F
:1031A0006410EDD1304602B0BDE8F0812A462946D0
:1031B0003846FFF71DFF28600546C0F80080E2E7AB
:1031C000184A013B52F823200023FFF705FE06466C
:1031D000C9E71020FFF78EF80246F861E0B100233E
:1031E000C0E90033C0E90233012138460192FFF7FC
:1031F0008FFD019A054640B1012340F27121C0E9DB
:103200000431002390600360B4E7024640F24511A8
:10321000054B0648FFF756FD40F2B311044B034837
:10322000FFF750FD10DB0008480D0108D80D01081C
:10323000040D01082DE9F0470D462F69AB6807EB37
:1032400062177C1C9C429146064649684FEA621A06
:1032500004DD5B009C4201F10101FADC3046FFF71E
:1032600057FD804600284ED0BAF1000F00F114003F
:103270000EDD034600210AF105024FEA820C08EB3D
:10328000820243F8041B9342FBD1ACF114031844AF
:10329000296905F1140319F01F0903EB81012AD0F4
:1032A00084464FF0000AC9F1200E1A6802FA09F2AA
:1032B00042EA0A024CF8042B53F8042B994222FAF2
:1032C0000EFAF2D84B1B153B23F00303043305F130
:1032D0001502914238BF042340F803A0BAF1000F51
:1032E00000D13C4630462946C8F81040FFF750FD53
:1032F0004046BDE8F087043853F8042B994240F863
:10330000042FF9D8EDE702464FF4EF71014B024864
:10331000FFF7D8FC480D0108D80D010884460B6959
:103320000069C01A15D10CF1140C14310CEB830296
:1033300010B401EB830301E0944508D252F8044D28
:1033400053F8041D8C42F7D004D24FF0FF3010BC6C
:1033500070477047012010BC704700BF2DE9F04F47
:1033600014460A6923698846D21A002A83B040F0BD
:10337000888001F1140604F1140202EB830206EBCB
:10338000830301E09E427FD253F8045D52F8041D8E
:103390008D42F7D076D3234600254446984661688F
:1033A000FFF7B6FC002800F0898000F114094946B7
:1033B0004FF0000C2769D8F8106004F1140B08F1E5
:1033C000140EC56004F110020EEB86060BEB870AA3
:1033D000CDF804B05EF8044B52F8045F1FFA84FB8A
:1033E000ABB2A3EB0B03240C6344C4EB154404EB16
:1033F00023449BB243EA0443764541F8043B4FEA39
:10340000244CE7D808F115018E4234BF0021012178
:10341000A6EB0806153EB608002906F101024FEAA0
:10342000820208BF0422DDF804B00BEB0204A245BF
:103430004A4434D915462146E04651F8046BB3B2EC
:1034400063444FEA164E0EEB234E06EB08039BB285
:1034500043EA0E438A454FEA2E4C45F8043BEBD82D
:103460000AF1FF3AAAEB040A2AF0030A524423B9EC
:1034700052F8043D013F002BFAD0076103B0BDE8CC
:10348000F08F88DA01258AE70021FFF741FC70B14F
:1034900001220023C0E9042303B0BDE8F08F002916
:1034A0004FEA860608BF002609EB0602DFE7024660
:1034B00040F23721054B0648FFF704FC024640F274
:1034C0004521024B0248FFF7FDFB00BF480D0108F4
:1034D000D80D0108124B0A460B40A3F15073002B84
:1034E00003DD00221946104670475B42B3F1A07F0E
:1034F0004FEA235106DA4FF4002300220B4119460C
:103500001046704714391E29D4BF4FF000420122E3
:103510004FF00003D8BFCA4010461946704700BF9D
:103520000000F07FF8B5046900F1140202EB840496
:1035300054F8045C261F2846FFF7F4FC0346C0F14C
:1035400020000A2B086030DDB242A3F10B071AD22B
:1035500054F8083C1FB3C7F1200C23FA0CF1BD400E
:1035600045EA0106A4F1080546F07F51AA4203FA94
:1035700007F341F4401116D254F80C2C22FA0CF245
:1035800013431846F8BD0B2B08D0002305FA07F7A4
:1035900047F07F51184641F44011F8BD002345F033
:1035A0007F5141F440111846F8BDB2422CBF0022B1
:1035B00054F8082CC3F10B0703F1150325FA07FC97
:1035C00038BFFA4005FA03F34CF07F511343184615
:1035D00041F44011F8BD00BFF0B5012183B016469B
:1035E0001F46FFF795FB0546002847D0C7F30A544E
:1035F000C7F313030CB143F48013002E019314D1CD
:1036000001A8FFF7B1FC0122019B20306B612A6108
:1036100014B3089BA4F2334404441C60099BC0F11A
:1036200035001860284603B0F0BD68460096FFF7E5
:103630009BFC019B00B30099C0F1200203FA02F247
:10364000C34001930A43002B6A610CBF012202228E
:10365000AB612A61002CDCD105EB8201A0F2324380
:10366000086908990B60FFF75DFC099BC0EB4210ED
:103670001860284603B0F0BD009AE4E7024640F225
:103680000F31024B0248FFF71DFB00BF480D010838
:10369000D80D01082DE9F04383B08846694681467C
:1036A000FFF740FF04460D46404601A9FFF73AFFE9
:1036B000D9F81030D8F81020A3EB020CDDE9003265
:1036C0009B1A03EB4C13002B0BDD05EB03573D4618
:1036D00002460B462046294600F074FF03B0BDE8C1
:1036E000F083C3EB033301EB03594946F0E700BF16
:1036F000172870B506460ADD002000240749084D4A
:1037000022462B4600F034FE013EF9D170BD054B38
:1037100003EBC003D3E9040170BD00BF0000F03F1C
:103720000000244010DB000801F1FF3C116902F1A8
:1037300014034FEA6C1C03EB81010CF1010C8B426A
:1037400000EB8C0C16D210B5A0F1040E53F8044B0C
:1037500099424EF8044FF9D88B1A153B23F0030316
:1037600004331844844504D9002340F8043B8445BD
:10377000FBD810BD844505D9002340F8043B84459F
:10378000FBD87047704700BF03694A11934200F1AC
:10379000140009DA00EB830302E053F8042DA2B908
:1037A0008342FAD80020704700EB8203F8DD11F065
:1037B0001F01F5D010B450F8224024FA01F28A40DB
:1037C000944208D0012010BC70470120704753F884
:1037D000042D002AF6D18342F9D8002010BC70478E
:1037E000002238B5064D044608462A6001F0FCF96F
:1037F000431C00D038BD2B68002BFBD0236038BDA4
:103800006003002010B50C46B1F90E1000F012FA5A
:10381000002803DB636D0344636510BDA38923F4B3
:103820008053A38110BD00BF002070472DE9F041F7
:103830000C46B1F90C101F46CB05054616460BD4B5
:1038400021F48051A1813B4632462846B4F90E103E
:10385000BDE8F04100F050BAB4F90E100223002286
:1038600000F034FAB4F90C10EAE700BF10B50C46CA
:10387000B1F90E1000F02AFAB4F90C30421C0EBF58
:1038800023F4805343F480536065A38110BD00BFCF
:10389000B1F90E1000F090B951F8043C181F002B3C
:1038A000BCBF0B58C0187047F030704700487047D5
:1038B0004C010020004870474C0100209368002B09
:1038C00000F0F0802DE9F04FB1F90CC090461CF0EB
:1038D000080F81460C4683B02BD00B694BB31CF00C
:1038E0000207D8F8006032D04FF0000A5546D4F8ED
:1038F00028B0216AAB4FC5B1BD422B46524628BF06
:103900003B464846D847002840F3C280D8F80830E4
:1039100082441B1A2D1AC8F80830002B00F0AE8024
:10392000D4F828B0216A002DE6D1D6E900A50836E2
:10393000E1E721464846FEF705FC002840F0AD804F
:10394000B4F90CC0D8F800601CF00207CCD11CF010
:10395000010A63D157462368A16818468B46002F99
:1039600058D01CF4007F00F0B180B9420A4600F242
:10397000DD801CF4906F2FD0216962695D1A02EB23
:10398000420202EBD2726B1C52103B44934292BF34
:1039900093469B461A461CF4806F00F0E680114661
:1039A0004846FDF757FA002800F0F5802A462169BD
:1039B0000190FEF729FCA289019B22F4906242F05B
:1039C0008002A2815819C4F814B0ABEB05053A4641
:1039D000BB462361A56020603D4600275146019209
:1039E000FEF710FBA1682368019AA1EB0B011A44B2
:1039F000A1602260D8F80830AA445B1BC8F80830E0
:103A0000002B3BD02368A16818468B46B4F90CC044
:103A1000002FA6D1D6E900A708369EE73846BB4658
:103A20003D46002D40D0002845D03A46D4E904C395
:103A30002068AA4228BF2A466045A16804D901EB44
:103A4000030A524500F38280934272DC5A4648468C
:103A5000216AD4F828C0E047B0F1000A18DDB7EBBE
:103A60000A070FD00120D8F80830D344A3EB0A038B
:103A7000A5EB0A05C8F80830002BD2D1002003B00E
:103A8000BDE8F08F21464846FCF7FCFD0028EAD04F
:103A9000B4F90C3043F04003A3814FF0FF3003B082
:103AA000BDE8F08F00207047756833460836002D5A
:103AB000FAD0D3F800B02A460A215846FEF7BCFED9
:103AC000002865D00130A0EB0B07AEE722699A42CF
:103AD00014D36569BD4211D86FF00043BB4228BFC3
:103AE0003B4693FBF5F3524605FB03F34846A56AB4
:103AF000216AA847051ECBDD7F1B7BE7B94228BFA3
:103B000039460D46184651462A46FEF77BFAA1680B
:103B10002368491B2B44A16023600029ECD1214676
:103B20004846FCF7AFFD0028E6D0B1E7BB463A4671
:103B300052E759460192FEF765FA019AA368924648
:103B40009B1AA36023681344236088E759465246B2
:103B5000FEF758FA23682146534448462360FCF791
:103B600091FD00283FF47BAF92E74846FEF7D2FB79
:103B7000034600287FF426AF48462169FEF7E4F9A2
:103B80000C22B4F90C30C9F8002023F0800381E73F
:103B90006A1C17464AE70C22B4F90C30C9F8002019
:103BA00078E700BF00FCFF7F062008B500F070F941
:103BB000012000F01FFA00BF002238B5064D044670
:103BC00008462A6001F080F8431C00D038BD2B68FD
:103BD000002BFBD0236038BD6003002070B5A1FB33
:103BE000025454B92946FDF735F9064618B12A465C
:103BF0002146FCF76DFC304670BD0C2200260260A9
:103C0000F9E700BF10B4034CD4F8E040A44610BC60
:103C1000604700BF5C000020034649B1FF2A02D87C
:103C200001200A7070478A224FF0FF301A607047F7
:103C30000846704738B50C46114600228446074DA9
:103C400020462A601A46644601F032F8431C00D030
:103C500038BD2B68002BFBD0236038BD60030020EB
:103C60000CB400B583B004AB53F8042B0193FEF7FA
:103C7000A1FE03B05DF804EB02B070470EB400B5CE
:103C8000074A82B003AB0146106853F8042B019336
:103C9000FEF790FE02B05DF804EB03B0704700BF82
:103CA0000000002070B50026074D04460846114666
:103CB0002E6001F014F8431C00D070BD2B68002B5F
:103CC000FBD0236070BD00BF6003002038B50C46F8
:103CD000114600228446074D20462A601A46644653
:103CE00001F016F8431C00D038BD2B68002BFBD028
:103CF000236038BD6003002038B50C461146002211
:103D00008446074D20462A601A46644600F09AFF12
:103D1000431C00D038BD2B68002BFBD0236038BD7E
:103D20006003002010B4034CD4F8E440A44610BC57
:103D3000604700BF5C00002082B049B15AB16BB14E
:103D400013780B601278101E18BF012002B0704764
:103D500001A9002AF3D1104602B070476FF00100AC
:103D6000F4E700BF38B5C46B0CB1002038BD80212A
:103D70000546FDF76FF80246E86330B1031F7C3259
:103D800043F8044F9342FBD1EFE74FF0FF3038BDCB
:103D900030B51F29054683B008D8C36B0C4653B114
:103DA00053F8240043F8242003B030BD16230360E9
:103DB0004FF0FF30F8E780210192FDF74BF8019AB0
:103DC0000346E8630028F3D0011F00F17C050020C2
:103DD00041F8040FA942FBD1E2E700BF1F2938B523
:103DE00005461ED8C26B0C466AB152F8213053B159
:103DF000012B06D0591C10D00021204642F8241077
:103E00009847002038BD284600F0F2F822460146C7
:103E10002846BDE8384000F0D7B8162301202B60B3
:103E200038BD16234FF0FF302B6038BD1F292BD82B
:103E300038B5C36B0C460546A3B153F8242003EBF9
:103E400084034AB1511C0BD0012A07D0002520461B
:103E50001D609047284638BD012038BD032038BD7D
:103E6000022038BD8021FCF7F5FF0346E86340B12E
:103E700000201A1F03F17C0142F8040F8A42FBD193
:103E8000DBE74FF0FF3038BD4FF0FF30704700BF29
:103E900038B5134B1F281D681DD8EA6B044662B164
:103EA00052F820304BB1012B05D0591C0FD0002106
:103EB00042F820109847002038BD284600F098F8B6
:103EC000224601462846BDE8384000F07DB816235A
:103ED00001202B6038BD16234FF0FF302B6038BD1A
:103EE00000000020114B1F2870B51E6808D8F36B26
:103EF00004460D464BB153F8240043F8245070BDDE
:103F0000162333604FF0FF3070BD80213046FCF740
:103F1000A1FF0346F0630028F4D00021021F7C308B
:103F200042F8041F8242FBD1E5E700BF00000020F9
:103F300038B50B4B1D68EC6B0CB1002038BD8021EF
:103F40002846FCF787FFE86338B1031F00F17C02C5
:103F500043F8044F9342FBD1EFE74FF0FF3038BDF9
:103F60000000002038B5174B1F281D6826D80446CE
:103F7000E86BA0B150F8242000EB84034AB1511C37
:103F80000BD0012A07D0002520461D609047284607
:103F900038BD012038BD032038BD022038BD802146
:103FA0002846FCF757FFE86340B10021031F00F1EA
:103FB0007C0243F8041F9342FBD1DBE74FF0FF3054
:103FC00038BD00BF0000002070B50026074D044634
:103FD000084611462E6000F0A7FE431C00D070BDBD
:103FE0002B68002BFBD0236070BD00BF6003002056
:103FF00000F0AABEFEE700BF81F0004102E000BF72
:1040000083F0004330B54FEA41044FEA430594EA98
:10401000050F08BF90EA020F1FBF54EA000C55EAD3
:10402000020C7FEA645C7FEA655C00F0E2804FEAA4
:104030005454D4EB5555B8BF6D420CDD2C4480EA86
:10404000020281EA030382EA000083EA010180EAB6
:10405000020281EA0303362D88BF30BD11F0004F04
:104060004FEA01314FF4801C4CEA113102D040423A
:1040700061EB410113F0004F4FEA03334CEA133375
:1040800002D0524263EB430394EA050F00F0A7808D
:10409000A4F10104D5F1200E0DDB02FA0EFC22FA88
:1040A00005F2801841F1000103FA0EF2801843FA7C
:1040B00005F359410EE0A5F120050EF1200E012A6D
:1040C00003FA0EFC28BF4CF0020C43FA05F3C018AB
:1040D00051EBE37101F0004507D54FF0000EDCF124
:1040E000000C7EEB00006EEB0101B1F5801F1BD3CD
:1040F000B1F5001F0CD349085FEA30004FEA3C0CD1
:1041000004F101044FEA445212F5800F80F09A80C6
:10411000BCF1004F08BF5FEA500C50F1000041EBCA
:10412000045141EA050130BD5FEA4C0C404141EBCE
:104130000101013C28BFB1F5801FE9D291F0000FC9
:1041400004BF01460020B1FA81F308BF2033A3F178
:104150000B03B3F120020CDA0C3208DD02F1140C6F
:10416000C2F10C0201FA0CF021FA02F10CE002F1AA
:104170001402D8BFC2F1200C01FA02F120FA0CFCA3
:10418000DCBF41EA0C019040E41AA2BF01EB0451EC
:10419000294330BD6FEA04041F3C1CDA0C340EDCEA
:1041A00004F11404C4F1200220FA04F001FA02F32D
:1041B00040EA030021FA04F345EA030130BDC4F1EB
:1041C0000C04C4F1200220FA02F001FA04F340EAE0
:1041D0000300294630BD21FA04F0294630BD94F091
:1041E000000F83F4801306BF81F480110134013D78
:1041F0004EE77FEA645C18BF7FEA655C29D094EAE9
:10420000050F08BF90EA020F05D054EA000C04BF66
:104210001946104630BD91EA030F1EBF0021002051
:1042200030BD5FEA545C05D14000494128BF41F0F0
:10423000004130BD14F580043CBF01F5801130BD54
:1042400001F0004545F0FE4141F470014FF00000DF
:1042500030BD7FEA645C1ABF194610467FEA655C90
:104260001CBF0B46024650EA013406BF52EA033532
:1042700091EA030F41F4002130BD00BF90F0000F20
:1042800004BF0021704730B54FF4806404F132045C
:104290004FF000054FF0000150E700BF90F0000F15
:1042A00004BF0021704730B54FF4806404F132043C
:1042B00010F0004548BF40424FF000013EE700BF0C
:1042C00042004FEAE2014FEA31014FEA02701FBF9C
:1042D00012F07F4393F07F4F81F06051704732F0CE
:1042E0007F4208BF704793F07F4F04BF41F4002125
:1042F000704730B54FF4607401F0004521F0004183
:104300001CE700BF50EA010208BF704730B54FF00C
:1043100000050AE050EA010208BF704730B511F00D
:10432000004502D5404261EB41014FF4806404F145
:1043300032045FEA915C3FF4D8AE4FF003025FEACB
:10434000DC0C18BF03325FEADC0C18BF033202EB4F
:10435000DC02C2F1200300FA03FC20FA02F001FAA9
:1043600003FE40EA0E0021FA02F11444BDE600BF4C
:1043700070B54FF0FF0C4CF4E06C1CEA11541DBFFB
:104380001CEA135594EA0C0F95EA0C0F00F0DEF8C6
:104390002C4481EA030621EA4C5123EA4C5350EAAB
:1043A000013518BF52EA033541F4801143F48013FC
:1043B00038D0A0FB02CE4FF00005E1FB02E506F08D
:1043C0000042E0FB03E54FF00006E1FB03569CF0E2
:1043D000000F18BF4EF0010EA4F1FF04B6F5007FE8
:1043E00064F5407404D25FEA4E0E6D4146EB06065A
:1043F00042EAC62141EA55514FEAC52040EA5E50E3
:104400004FEACE2EB4F1FD0C88BFBCF5E06F1ED88C
:10441000BEF1004F08BF5FEA500E50F1000041EBC3
:10442000045170BD06F0004646EA010140EA020070
:1044300081EA0301B4EB5C04C2BFD4EB0C0541EA92
:10444000045170BD41F480114FF0000E013C00F3A7
:10445000AB8014F1360FDEBF002001F0004170BDCB
:10446000C4F10004203C35DA0C341BDC04F11404E4
:10447000C4F1200500FA05F320FA04F001FA05F270
:1044800040EA020001F0004221F0004110EBD3703D
:1044900021FA04F642EB06015EEA430E08BF20EA69
:1044A000D37070BDC4F10C04C4F1200500FA04F30C
:1044B00020FA05F001FA04F240EA020001F000419E
:1044C00010EBD37041F100015EEA430E08BF20EA11
:1044D000D37070BDC4F1200500FA05F24EEA020E59
:1044E00020FA04F301FA05F243EA020321FA04F088
:1044F00001F0004121FA04F220EA020000EBD3703F
:104500005EEA430E08BF20EAD37070BD94F0000F3E
:104510000FD101F00046400041EB010111F4801F72
:1045200008BF013CF7D041EA060195F0000F18BF23
:10453000704703F00046520043EB030313F4801F5F
:1045400008BF013DF7D043EA0603704794EA0C0F19
:104550000CEA135518BF95EA0C0F0CD050EA41062F
:1045600018BF52EA4306D1D181EA030101F00041AC
:104570004FF0000070BD50EA410606BF10461946D4
:1045800052EA430619D094EA0C0F02D150EA0136E0
:1045900013D195EA0C0F05D152EA03361CBF104621
:1045A00019460AD181EA030101F0004141F0FE41C0
:1045B00041F470014FF0000070BD41F0FE4141F444
:1045C000780170BD70B54FF0FF0C4CF4E06C1CEA44
:1045D00011541DBF1CEA135594EA0C0F95EA0C0FF9
:1045E00000F0A7F8A4EB050481EA030E52EA0335B4
:1045F0004FEA013100F088804FEA03334FF08055D5
:1046000045EA131343EA12634FEA022245EA111501
:1046100045EA10654FEA00260EF000419D4208BFB2
:10462000964244F1FD0404F5407402D25B084FEA5F
:104630003202B61A65EB03055B084FEA32024FF40B
:1046400080104FF4002CB6EB020E75EB030E22BF68
:10465000B61A754640EA0C005B084FEA3202B6EB28
:10466000020E75EB030E22BFB61A754640EA5C00D7
:104670005B084FEA3202B6EB020E75EB030E22BF67
:10468000B61A754640EA9C005B084FEA3202B6EB68
:10469000020E75EB030E22BFB61A754640EADC0027
:1046A00055EA060E18D04FEA051545EA16754FEA89
:1046B00006164FEAC30343EA52734FEAC2025FEAA7
:1046C0001C1CC0D111F4801F0BD141EA00014FF036
:1046D00000004FF0004CB6E711F4801F04BF014307
:1046E0000020B4F1FD0C88BFBCF5E06F3FF6AFAE23
:1046F000B5EB030C04BFB6EB020C5FEA500C50F1B3
:10470000000041EB045170BD0EF0004E4EEA113135
:1047100014EB5C04C2BFD4EB0C0541EA045170BD3C
:1047200041F480114FF0000E013C90E645EA060E80
:104730008DE60CEA135594EA0C0F08BF95EA0C0FAE
:104740003FF43BAF94EA0C0F0AD150EA01347FF4F6
:1047500034AF95EA0C0F7FF425AF104619462CE7CD
:1047600095EA0C0F06D152EA03353FF4FDAE104630
:10477000194622E750EA410618BF52EA43067FF481
:10478000C5AE50EA41047FF40DAF52EA43057FF411
:10479000EBAE12E74FF0FF3C06E000BF4FF0010C1C
:1047A00002E000BF4FF0010C4DF804CD4FEA410C80
:1047B0007FEA6C5C4FEA430C18BF7FEA6C5C1BD04D
:1047C00001B050EA410C0CBF52EA430C91EA030FCE
:1047D00002BF90EA020F0020704710F1000F91EA2B
:1047E000030F58BF994208BF90422CBFD8176FEAF9
:1047F000E37040F0010070474FEA410C7FEA6C5CC7
:1048000002D150EA013C07D14FEA430C7FEA6C5CCD
:10481000D6D152EA033CD3D05DF8040B704700BFF9
:104820008446104662468C461946634600E000BF47
:1048300001B5FFF7B7FF002848BF10F1000F01BD19
:104840004DF808EDFFF7F4FF0CBF012000205DF8E4
:1048500008FB00BF4DF808EDFFF7EAFF34BF012069
:1048600000205DF808FB00BF4DF808EDFFF7E0FF02
:1048700094BF012000205DF808FB00BF4DF808ED53
:10488000FFF7CEFF94BF012000205DF808FB00BFBA
:104890004DF808EDFFF7C4FF34BF012000205DF89C
:1048A00008FB00BF4FEA410C7FEA6C5C02D150EA82
:1048B000013C0AD14FEA430C7FEA6C5C02D152EA18
:1048C000033C02D14FF0000070474FF001007047E9
:1048D0004FEA410212F5001215D211D56FF4787328
:1048E000B3EB625212D94FEAC12343F0004343EACB
:1048F000505311F0004F23FA02F018BF40427047A6
:104900004FF00000704750EA013005D111F000402F
:1049100008BF6FF0004070474FF00000704700BFC5
:104920004A0011D212F5001211D20DD56FF478732E
:10493000B3EB62520ED44FEAC12343F0004343EA83
:10494000505323FA02F070474FF00000704750EACE
:10495000013002D14FF0FF3070474FF00000704738
:1049600080B500AF00F0B8FB4FF4E01000F088FA1B
:10497000482000F0FDF94FF4E13000F0C3FA02F0F6
:1049800029FB05F0CFFB05F099FF06F08FF800201A
:1049900006F05AFA012006F057FA41F61F4140F29C
:1049A000E73006F07FF941F61F4140F2E73006F0AC
:1049B000B5F900F025F80023184680BD80B400AF9B
:1049C00000BFBD4680BC704780B400AF00BFBD468D
:1049D00080BC704780B400AF00BFFDE780B400AF7B
:1049E00000BFFDE780B400AF00BFFDE780B400AFBB
:1049F00000BFFDE780B400AF00BFBD4680BC70477C
:104A000080B584B004AF4FF4784302931E4B0193FA
:104A1000202300932023DC220A210A2005F0FEFE39
:104A20004FF478430293194B0193182300931823F2
:104A3000DC222F210A2005F0F1FE1F230293144BE4
:104A40000193102300931023DC224C210A2005F04F
:104A5000E5FE1F2302930F4B0193102300931023B5
:104A6000DC2260210A2005F0D9FE0B4B01930123C3
:104A70000093002380220949094806F0A7FE07F0A9
:104A800037FA00BFBD4680BD00D900080CD9000828
:104A90001CD9000828D900086403002034D9000874
:104AA000A54A000880B584B002AF786008F032FEF5
:104AB000144B0193022300930023802212491348D0
:104AC00006F084FE124B01930323009300238022FF
:104AD0001049114806F07AFE104B0193042300930D
:104AE000002380220E490F4806F070FE0E4B1B6813
:104AF000184606F0E5FF08F03BFE00BF0837BD464C
:104B000080BD00BF6803002040D900082D4B00087D
:104B10006C03002048D900084D4B000870030020AA
:104B200050D900086D4B00086403002080B582B0A6
:104B300000AF78602021044800F02BFF4FF4FA709A
:104B400007F052F800BFF5E7000C014080B582B0D5
:104B500000AF78602021044800F01BFFC82007F058
:104B600043F800BFF6E700BF0018014080B588B0E9
:104B700004AF78600023FB73002005F015FF0346A7
:104B8000FB73FB7B012B10D1144B1B68184607F0FD
:104B90005FF81F230293124B0193102300931023FD
:104BA000DC2274210A2005F039FEFB7B022B10D198
:104BB0000A4B1B68184607F017F91F230293094B8D
:104BC0000193102300931023DC2274210A2005F0A6
:104BD00025FE0A2007F008F8CEE700BF6803002092
:104BE00058D9000868D9000880B584B000AF786053
:104BF000114B1B68002B02D10F4B104A1A600E4B51
:104C00001B68FB600C4B1A687B6813440C4A934288
:104C100007D9FBF779FD03460C221A604FF0FF33EA
:104C200006E0054B1A687B681344034A1360FB686F
:104C300018461037BD4680BD7403002008B100201F
:104C40000000012080B487B000AFF860B9607A60DE
:104C500000237B611FE07B69BA6813441B780A2B31
:104C600009D100BF114B1B6803F04003002BF9D0A2
:104C70000E4B0D225A6000BF0C4B1B6803F0400323
:104C8000002BF9D07B69BA6813441A78074B5A6035
:104C90007B6901337B617A697B689A42DBDB7B68E5
:104CA00018461C37BD4680BC704700BF0038014025
:104CB00080B485B000AFF860B9607A600023184610
:104CC0001437BD4680BC704780B483B000AF7860B5
:104CD0004FF0FF3318460C37BD4680BC704780B498
:104CE00083B000AF786039603B684FF400525A607F
:104CF000002318460C37BD4680BC704780B483B093
:104D000000AF7860012318460C37BD4680BC704761
:104D100080B485B000AFF860B9607A6000231846AF
:104D20001437BD4680BC704780B582B000AF786054
:104D30003960FBF7E9FC034616221A604FF0FF3397
:104D400018460837BD4680BD80B400AF0123184621
:104D5000BD4680BC704780B500AF00F009FA07F08F
:104D600019FE0346012B01D008F04EFD00BF80BDA7
:104D700080B584B000AF0346FB80144B00221A605C
:104D8000002000F01FFBFB88DB089AB2104B1A8052
:104D9000FB88DB089BB2FB60FB684FF47A7202FB76
:104DA00003F3FB60094B1B68084A43F002031360DE
:104DB000064AFB685360054B1B68044A43F0010335
:104DC000136000BF1037BD4680BD00BF10E000E09B
:104DD0007803002080B489B000AF78600023BB6105
:104DE000194B5B687B61194B1B881A467B6802FB79
:104DF00003F33B61144B9B68FB61134B9B68FB60A7
:104E0000FA68FB699A42F8D0FA68FB699A4206D2BE
:104E1000FA69FB68D31ABA691344BB6107E07A697F
:104E2000FB68D21AFB691344BA691344BB61FB687F
:104E3000FB61BA693B699A4200D2DEE700BF00BF5E
:104E40002437BD4680BC704710E000E078030020A6
:104E500080B584B000AF0346FB800023FB6006E012
:104E60004FF47A70FFF7B6FFFB680133FB60FB88F5
:104E7000FA689A42F4D300BF00BF1037BD4680BD28
:104E800080B592B000AF7860012387F847300123E6
:104E9000FB614FF480333B6200237B620223BB63E0
:104EA0004FF48033FB637B683B6407F11C031846B7
:104EB00000F088FD034687F8473097F84730002B0D
:104EC00001D000BFFDE70F23BB600223FB6000237E
:104ED0003B614FF480637B610023BB6107F10803F2
:104EE0000221184600F0F0FF034687F8473097F894
:104EF0004730002B01D000BFFDE700BF4837BD465B
:104F000080BD000080B582B000AF7860104B114AC0
:104F10001A600F4A7B6853600D4B00229A600C4B5D
:104F20000022DA600A4B00221A61094B00229A61C2
:104F3000074B0C225A61064801F05EF9012206492E
:104F4000034801F0A6F900BF0837BD4680BD00BF89
:104F50004C040020003801404804002080B58AB08D
:104F600000AF78607B681B68264A934245D1264B88
:104F70009B69254A43F004039361234B9B6903F02B
:104F800004037B617B69204B9B691F4A43F0040348
:104F900093611D4B9B6903F004033B613B691A4B12
:104FA0009B69194A43F480439361174B9B6903F44F
:104FB0008043FB60FB684FF40073BB610223FB611D
:104FC00001233B6203237B6207F1180319460F4854
:104FD00000F01CFB4FF48063BB610023FB6107F111
:104FE00018031946094800F011FB252000F0CFF9FD
:104FF00003220321252000F0AEF900BF2837BD466B
:1050000080BD00BF00380140001002400008014090
:1050100080B582B000AF78607B681B68244A9342F9
:1050200042D1244B1B881BB2002B38DB214B1B8841
:1050300003F48043002B11D01F4B1B780A2B03D0A5
:105040001C4B00221A802AE01A4B1B886FEA43434C
:105050006FEA53439AB2174B1A8020E0164B1B7825
:105060000D2B07D1134B1B8843F480439AB2114B8D
:105070001A8014E00F4B1B88C3F30D030E4A1178FE
:105080000E4AD1540B4B1B8801339AB2094B1A803C
:10509000084B1B88C72B02D9064B00221A8001221D
:1050A0000549074801F0F5F800BF0837BD4680BD47
:1050B0000038014044040020480400207C03002004
:1050C0004C04002080B500AF024801F037F900BF62
:1050D00080BD00BF4C04002080B500AF084B1B68AA
:1050E000074A43F010031360032000F029F90F2052
:1050F00000F00EF800F006F80023184680BD00BF4F
:105100000020024080B400AF00BFBD4680BC7047A5
:1051100080B582B000AF7860124B1A68124B1B78D2
:1051200019464FF47A73B3FBF1F3B2FBF3F318466D
:1051300000F03BF90346002B01D001230EE07B6811
:105140000F2B0AD8002279684FF0FF3000F003F9E6
:10515000064A7B681360002300E0012318460837E5
:10516000BD4680BDC8010020D0010020CC01002038
:1051700080B400AF054B1B781A46054B1B681344DF
:10518000034A136000BFBD4680BC7047D0010020B9
:105190008C04002080B400AF024B1B681846BD464B
:1051A00080BC70478C04002080B485B000AF78606C
:1051B0007B6803F00703FB600C4BDB68BB60BA68DD
:1051C0004FF6FF031340BB60FB681A02BB68134332
:1051D00043F0BF6343F40033BB60044ABB68D36051
:1051E00000BF1437BD4680BC704700BF00ED00E033
:1051F00080B400AF044BDB681B0A03F007031846BA
:10520000BD4680BC704700BF00ED00E080B483B0B5
:1052100000AF0346FB7197F90730002B0BDBFB79DE
:1052200003F01F02064997F907305B09012000FAD5
:1052300002F241F8232000BF0C37BD4680BC704706
:1052400000E100E080B483B000AF03463960FB7139
:1052500097F90730002B0ADB3B68DAB20C4997F963
:1052600007301201D2B20B4483F800230AE03B68F6
:10527000DAB20849FB7903F00F03043B1201D2B202
:105280000B441A7600BF0C37BD4680BC704700BF88
:1052900000E100E000ED00E080B489B000AFF8600C
:1052A000B9607A60FB6803F00703FB61FB69C3F137
:1052B0000703042B28BF0423BB61FB690433062BBF
:1052C00002D9FB69033B00E000237B614FF0FF3212
:1052D000BB6902FA03F3DA43BB681A407B699A4060
:1052E0004FF0FF317B6901FA03F3D9437B680B4030
:1052F000134318462437BD4680BC704780B582B042
:1053000000AF78607B68013BB3F1807F01D301235C
:105310000FE00A4A7B68013B53600F214FF0FF30DA
:10532000FFF790FF054B00229A60044B07221A609A
:10533000002318460837BD4680BD00BF10E000E0DE
:1053400080B582B000AF78607868FFF72DFF00BFAE
:105350000837BD4680BD80B586B000AF0346B96052
:105360007A60FB7300237B61FFF742FF78617A6804
:10537000B9687869FFF790FF024697F90F30114638
:105380001846FFF75FFF00BF1837BD4680BD80B5E8
:1053900082B000AF0346FB7197F907301846FFF75C
:1053A00035FF00BF0837BD4680BD80B582B000AF75
:1053B00078607868FFF7A2FF034618460837BD46B5
:1053C00080BD000080B483B000AF78607B68042BA0
:1053D00006D1094B1B68084A43F00403136005E03B
:1053E000054B1B68044A23F00403136000BF0C370D
:1053F000BD4680BC704700BF10E000E080B584B0BF
:1054000000AF78600023FB737B6893F82130022B98
:1054100005D07B6804229A630123FB73D6E07B6886
:105420001B681A687B681B6822F00E021A607B6892
:105430001B681A687B681B6822F001021A607B688F
:105440001B681A46644B9A4258D97B681B68634AAA
:1054500093424FD07B681B68614A934248D07B6877
:105460001B68604A934240D07B681B685E4A934247
:1054700038D07B681B685D4A934230D07B681B68DC
:105480005B4A934228D07B681B68534A934220D0E2
:105490007B681B68574A934219D07B681B68564A41
:1054A000934212D07B681B68544A93420AD07B68AF
:1054B0001B68534A934202D14FF480531BE04FF4D0
:1054C000803318E04FF4807315E0102313E00123BC
:1054D00011E04FF080730EE04FF480130BE04FF4B7
:1054E000803308E04FF4805305E04FF4807302E00E
:1054F000102300E00123434A536057E07B681B6898
:10550000364A93424FD07B681B68354A934248D055
:105510007B681B68334A934240D07B681B68324AE1
:10552000934238D07B681B68304A934230D07B6806
:105530001B682F4A934228D07B681B68264A9342F7
:1055400020D07B681B682B4A934219D07B681B686C
:10555000294A934212D07B681B68284A93420AD09A
:105560007B681B68264A934202D14FF480531BE0AC
:105570004FF4803318E04FF4807315E0102313E0EC
:10558000012311E04FF080730EE04FF480130BE025
:105590004FF4803308E04FF4805305E04FF48073FC
:1055A00002E0102300E00123174A53607B680122C8
:1055B00083F821207B68002283F820207B685B6BC6
:1055C000002B03D07B685B6B78689847FB7B1846A1
:1055D0001037BD4680BD00BF800002400800024079
:1055E0001C000240300002404400024058000240CB
:1055F0006C000240080402401C04024030040240D7
:1056000044040240000402400000024080B48BB019
:1056100000AF7860396000237B6200233B6279E150
:1056200001227B6A02FA03F3FB613B681B68FA699B
:105630001340BB61BA69FB699A4240F068813B68DC
:105640005B68964A93425ED0944A934275D8944AD6
:10565000934258D0924A93426FD8924A934252D082
:10566000904A934269D8904A93424CD08E4A9342D2
:1056700063D88E4A934246D08C4A93425DD8122B0F
:105680002AD8122B59D801A252F823F00757000844
:10569000E1560008F3560008355700083B5700084C
:1056A0003B5700083B5700083B5700083B57000892
:1056B0003B5700083B5700083B5700083B57000882
:1056C0003B5700083B5700083B5700083B57000872
:1056D000E9560008FD560008754A934213D02CE0A5
:1056E0003B68DB683B6229E03B68DB6804333B6274
:1056F00024E03B68DB6808333B621FE03B68DB6803
:105700000C333B621AE03B689B68002B02D10423F8
:105710003B6213E03B689B68012B05D108233B6289
:105720007B68FA691A6109E008233B627B68FA69C1
:105730005A6103E000233B6200E000BFBB69FF2B1E
:1057400001D87B6801E07B6804337B61BB69FF2B78
:1057500002D87B6A9B0002E07B6A083B9B003B61AE
:105760007B691A680F213B6901FA03F3DB431A4096
:10577000396A3B6901FA03F31A437B691A603B6893
:105780005B6803F08053002B00F0C180494B9B699C
:10579000484A43F001039361464B9B6903F00103C0
:1057A000BB60BB68444A7B6A9B08023352F82330D3
:1057B000FB607B6A03F003039B000F2202FA03F3F2
:1057C000DB43FA681340FB607B683C4A93421FD07E
:1057D0007B683B4A934219D07B683A4A934213D084
:1057E0007B68394A93420DD07B68384A934207D090
:1057F0007B68374A934201D105230AE0062308E07B
:10580000042306E0032304E0022302E0012300E076
:1058100000237A6A02F0030292009340FA6813436D
:10582000FB6025497B6A9B080233FA6841F8232014
:105830003B685B6803F48033002B06D0254B1A6865
:105840002449BB6913430B6006E0224B1A68BB690D
:10585000DB43204913400B603B685B6803F4003373
:10586000002B06D01B4B5A681A49BB6913434B6087
:1058700006E0184B5A68BB69DB43164913404B607E
:105880003B685B6803F48013002B25D0114B9A68AA
:105890001049BB6913438B6025E000BF0000321044
:1058A0000000311000002210000021100000121032
:1058B00000001110001002400000014000080140EB
:1058C000000C01400010014000140140001801408C
:1058D000001C014000040140154B9A68BB69DB4382
:1058E000134913408B603B685B6803F40013002B83
:1058F00006D00F4BDA680E49BB691343CB6006E054
:105900000B4BDA68BB69DB4309491340CB607B6A08
:1059100001337B623B681A687B6A22FA03F3002B2F
:105920007FF47EAE00BF00BF2C37BD4680BC704701
:105930000004014080B485B000AF78600B467B80E6
:105940007B689A687B881340002B02D00123FB738D
:1059500001E00023FB73FB7B18461437BD4680BC77
:10596000704780B483B000AF78600B467B801346ED
:105970007B707B78002B03D07A887B681A6103E008
:105980007B881A047B681A6100BF0C37BD4680BC57
:10599000704780B485B000AF78600B467B807B6831
:1059A000DB68FB607A88FB6813401A04FB68D94304
:1059B0007B880B401A437B681A6100BF1437BD46D1
:1059C00080BC704780B586B000AF78607B68002BE4
:1059D00001D1012372E27B681B6803F00103002BF5
:1059E00000F08780924B5B6803F00C03042B0CD013
:1059F0008F4B5B6803F00C03082B12D18C4B5B6858
:105A000003F48033B3F5803F0BD1894B1B6803F45B
:105A10000033002B6CD07B685B68002B68D10123BE
:105A20004CE27B685B68B3F5803F06D1804B1B6816
:105A30007F4A43F4803313602EE07B685B68002B61
:105A40000CD17B4B1B687A4A23F480331360784B6C
:105A50001B68774A23F4802313601DE07B685B6832
:105A6000B3F5A02F0CD1724B1B68714A43F480230D
:105A700013606F4B1B686E4A43F4803313600BE076
:105A80006B4B1B686A4A23F480331360684B1B68B6
:105A9000674A23F4802313607B685B68002B13D074
:105AA000FFF778FB386108E0FFF774FB02463B69BB
:105AB000D31A642B01D9032300E25D4B1B6803F466
:105AC0000033002BF0D014E0FFF764FB386108E0EE
:105AD000FFF760FB02463B69D31A642B01D903230D
:105AE000ECE1534B1B6803F40033002BF0D100E0D2
:105AF00000BF7B681B6803F00203002B63D04C4B94
:105B00005B6803F00C03002B0BD0494B5B6803F080
:105B10000C03082B1CD1464B5B6803F48033002B2D
:105B200016D1434B1B6803F00203002B05D07B68A2
:105B30001B69012B01D00123C0E13D4B1B6823F001
:105B4000F8027B685B69DB00394913430B603AE07C
:105B50007B681B69002B20D0364B01221A60FFF7AF
:105B600019FB386108E0FFF715FB02463B69D31AC1
:105B7000022B01D90323A1E12D4B1B6803F0020383
:105B8000002BF0D02A4B1B6823F0F8027B685B697E
:105B9000DB00274913430B6015E0264B00221A60F7
:105BA000FFF7F8FA386108E0FFF7F4FA02463B69BC
:105BB000D31A022B01D9032380E11D4B1B6803F08C
:105BC0000203002BF0D17B681B6803F00803002B55
:105BD0003AD07B689B69002B19D0174B01221A60C1
:105BE000FFF7D8FA386108E0FFF7D4FA02463B69BC
:105BF000D31A022B01D9032360E10D4B5B6A03F03A
:105C00000203002BF0D0012000F0D8FA1CE00A4B70
:105C100000221A60FFF7BEFA38610FE0FFF7BAFA08
:105C200002463B69D31A022B08D9032346E100BF81
:105C3000001002400000424280044242924B5B6AE4
:105C400003F00203002BE9D17B681B6803F0040317
:105C5000002B00F0A6800023FB758B4BDB6903F063
:105C60008053002B0DD1884BDB69874A43F080536A
:105C7000D361854BDB6903F08053BB60BB680123B4
:105C8000FB75824B1B6803F48073002B18D17F4B8C
:105C90001B687E4A43F480731360FFF77BFA386118
:105CA00008E0FFF777FA02463B69D31A642B01D963
:105CB000032303E1754B1B6803F48073002BF0D0C2
:105CC0007B68DB68012B06D16F4B1B6A6E4A43F081
:105CD000010313622DE07B68DB68002B0CD16A4B5B
:105CE0001B6A694A23F001031362674B1B6A664A09
:105CF00023F0040313621CE07B68DB68052B0CD1E6
:105D0000614B1B6A604A43F0040313625E4B1B6ADB
:105D10005D4A43F0010313620BE05B4B1B6A5A4A76
:105D200023F001031362584B1B6A574A23F0040304
:105D300013627B68DB68002B15D0FFF72BFA386104
:105D40000AE0FFF727FA02463B69D31A41F288328C
:105D5000934201D90323B1E04B4B1B6A03F00203CA
:105D6000002BEED014E0FFF715FA38610AE0FFF7D8
:105D700011FA02463B69D31A41F28832934201D9A3
:105D800003239BE0404B1B6A03F00203002BEED180
:105D9000FB7D012B05D13C4BDB693B4A23F0805353
:105DA000D3617B68DB69002B00F08780364B5B6832
:105DB00003F00C03082B61D07B68DB69022B46D112
:105DC000334B00221A60FFF7E5F9386108E0FFF76E
:105DD000E1F902463B69D31A022B01D903236DE096
:105DE000294B1B6803F00073002BF0D17B681B6A02
:105DF000B3F5803F08D1244B5B6823F400327B6805
:105E00009B68214913434B601F4B5B6823F474125A
:105E10007B68196A7B685B6A0B431B4913434B60C1
:105E20001B4B01221A60FFF7B5F9386108E0FFF754
:105E3000B1F902463B69D31A022B01D903233DE095
:105E4000114B1B6803F00073002BF0D035E0104BB2
:105E500000221A60FFF79EF9386108E0FFF79AF90F
:105E600002463B69D31A022B01D9032326E0064BD5
:105E70001B6803F00073002BF0D11EE07B68DB6928
:105E8000012B07D1012319E00010024000700040EF
:105E9000600042420B4B5B68FB60FB6803F480329E
:105EA0007B681B6A9A4206D1FB6803F470127B6818
:105EB0005B6A9A4201D0012300E00023184618379C
:105EC000BD4680BD0010024080B584B000AF786050
:105ED00039607B68002B01D10123D0E06A4B1B683D
:105EE00003F007033A689A4210D9674B1B6823F006
:105EF000070265493B6813430B60634B1B6803F063
:105F000007033A689A4201D00123B8E07B681B6816
:105F100003F00203002B20D07B681B6803F004030E
:105F2000002B05D0594B5B68584A43F4E06353603B
:105F30007B681B6803F00803002B05D0534B5B689C
:105F4000524A43F460535360504B5B6823F0F002B5
:105F50007B689B684D4913434B607B681B6803F06B
:105F60000103002B40D07B685B68012B07D1474BB6
:105F70001B6803F40033002B15D101237FE07B68FD
:105F80005B68022B07D1414B1B6803F00073002BA9
:105F900009D1012373E03D4B1B6803F00203002B82
:105FA00001D101236BE0394B5B6823F003027B686E
:105FB0005B68364913434B60FFF7ECF8F8600AE082
:105FC000FFF7E8F80246FB68D31A41F288329342A1
:105FD00001D9032353E02D4B5B6803F00C027B686F
:105FE0005B689B009A42EBD1274B1B6803F00703C9
:105FF0003A689A4210D2244B1B6823F007022249C8
:106000003B6813430B60204B1B6803F007033A689F
:106010009A4201D0012332E07B681B6803F004033D
:10602000002B08D0194B5B6823F4E0627B68DB68C7
:10603000164913434B607B681B6803F00803002B71
:1060400009D0124B5B6823F460527B681B69DB004C
:106050000E4913434B6000F021F802460B4B5B687E
:106060001B0903F00F030A49CB5C22FA03F3094A28
:106070001360094B1B681846FFF74AF800231846BF
:106080001037BD4680BD00BF002002400010024016
:106090003CDD0008C8010020CC01002090B48AB08B
:1060A00000AF294B3C1D0FCB84E80F0040F20123C9
:1060B0003B800023FB610023BB6100237B62002344
:1060C0007B6100233B62214B5B68FB61FB6903F052
:1060D0000C03042B02D0082B03D02BE01C4B3B629B
:1060E0002BE0FB699B0C03F00F0328333B4413F8B0
:1060F000243C7B61FB6903F48033002B12D0134BEB
:106100005B685B0C03F0010328333B4413F8283C25
:10611000BB617B690E4A03FB02F2BB69B2FBF3F37E
:106120007B6204E07B690B4A02FB03F37B627B6AC0
:106130003B6202E0064B3B6200BF3B6A18462837D1
:10614000BD4690BC704700BF78D9000800100240DF
:1061500000127A0000093D0080B400AF024B1B68BA
:106160001846BD4680BC7047C801002080B500AF0E
:10617000FFF7F2FF0246054B5B681B0A03F00703BB
:106180000349CB5C22FA03F3184680BD001002409D
:106190004CDD000880B500AFFFF7DEFF0246054B7F
:1061A0005B68DB0A03F007030349CB5C22FA03F3C5
:1061B000184680BD001002404CDD000880B485B058
:1061C00000AF78600A4B1B680A4AA2FB03235B0AF4
:1061D0007A6802FB03F3FB6000BFFB685A1EFA609B
:1061E000002BF9D100BF00BF1437BD4680BC7047FB
:1061F000C8010020D34D621080B582B000AF786036
:106200007B68002B01D101233FE07B6893F8393094
:10621000DBB2002B06D17B68002283F83820786837
:10622000FEF79CFE7B68242283F839207B681B687C
:10623000DA687B681B6822F40052DA60786800F044
:10624000A7FA7B681B681A697B681B6822F4904276
:106250001A617B681B685A697B681B6822F02A02F6
:106260005A617B681B68DA687B681B6842F40052DD
:10627000DA607B680022DA637B68202283F83920A9
:106280007B68202283F83A20002318460837BD4651
:1062900080BD80B485B000AFF860B9601346FB8064
:1062A000FB6893F83A30DBB2202B40D1BB68002B5F
:1062B00002D0FB88002B01D1012339E0FB6893F861
:1062C0003830012B01D1022332E0FB68012283F830
:1062D0003820FB68BA689A62FB68FA889A85FB687E
:1062E000FA88DA85FB680022DA63FB68222283F8E9
:1062F0003A20FB68002283F83820FB681B68DA68C4
:10630000FB681B6842F48072DA60FB681B685A699C
:10631000FB681B6842F001025A61FB681B68DA687F
:10632000FB681B6842F02002DA60002300E00223D1
:1063300018461437BD4680BC7047000080B588B051
:1063400000AF78607B681B681B68FB617B681B681B
:10635000DB68BB617B681B685B697B6100233B6119
:106360000023FB60FB6903F00F033B613B69002BDB
:106370000DD1FB6903F02003002B08D0BB6903F0AB
:106380002003002B03D0786800F082F9D0E03B694D
:10639000002B00F0B0807B6903F00103002B05D1D6
:1063A000BB6903F49073002B00F0A580FB6903F038
:1063B0000103002B0AD0BB6903F48073002B05D0C6
:1063C0007B68DB6B43F001027B68DA63FB6903F0F7
:1063D0000403002B0AD07B6903F00103002B05D0D6
:1063E0007B68DB6B43F002027B68DA63FB6903F0D6
:1063F0000203002B0AD07B6903F00103002B05D0B8
:106400007B68DB6B43F004027B68DA63FB6903F0B3
:106410000803002B0FD0BB6903F02003002B04D12D
:106420007B6903F00103002B05D07B68DB6B43F035
:1064300008027B68DA637B68DB6B002B77D0FB6933
:1064400003F02003002B07D0BB6903F02003002BCF
:1064500002D0786800F01CF97B681B685B6903F068
:106460004003002B14BF01230023DBB2FB607B68D9
:10647000DB6B03F00803002B02D1FB68002B31D04B
:10648000786800F06DF87B681B685B6903F0400377
:10649000002B23D07B681B685A697B681B6822F03D
:1064A00040025A617B685B6B002B13D07B685B6B8F
:1064B000214A5A637B685B6B1846FEF79FFF0346D1
:1064C000002B16D07B685B6B5B6B7A68526B104657
:1064D00098470EE0786800F03AF80AE0786800F033
:1064E00036F806E0786800F032F87B680022DA635C
:1064F0001DE000BF1BE0FB6903F08003002B08D008
:10650000BB6903F08003002B03D0786800F059F8D2
:106510000EE0FB6903F04003002B09D0BB6903F0D8
:106520004003002B04D0786800F09AF800E000BF28
:106530002037BD4680BD00BF9B65000880B483B096
:1065400000AF786000BF0C37BD4680BC704780B498
:1065500083B000AF786000BF0C37BD4680BC704789
:1065600080B483B000AF78607B681B68DA687B68B2
:106570001B6822F49072DA607B681B685A697B683A
:106580001B6822F001025A617B68202283F83A20BE
:1065900000BF0C37BD4680BC704780B584B000AFEB
:1065A00078607B685B6AFB60FB680022DA85FB68C9
:1065B0000022DA84F868FFF7CAFF00BF1037BD4633
:1065C00080BD80B485B000AF78607B6893F83930C7
:1065D000DBB2212B3ED17B689B68B3F5805F14D181
:1065E0007B681B69002B10D17B681B6AFB60FB6812
:1065F0001B881A467B681B68C2F308025A607B68D6
:106600001B6A9A1C7B681A6208E07B681B6A591C2B
:106610007A6811621A787B681B685A607B68DB8C29
:106620009BB2013B9BB27A681946D184002B0FD1F3
:106630007B681B68DA687B681B6822F08002DA607E
:106640007B681B68DA687B681B6842F04002DA608E
:10665000002300E0022318461437BD4680BC704773
:1066600080B582B000AF78607B681B68DA687B68B1
:106670001B6822F04002DA607B68202283F8392010
:106680007868FFF75BFF002318460837BD4680BDDA
:1066900080B584B000AF78607B6893F83A30DBB2A5
:1066A000222B70D17B689B68B3F5805F17D17B6824
:1066B0001B69002B13D10023FB607B689B6ABB60C6
:1066C0007B681B685B689BB2C3F308039AB2BB6824
:1066D0001A807B689B6A9A1C7B689A6226E07B68BA
:1066E0009B6AFB600023BB607B689B68B3F5805F9F
:1066F00007D07B689B68002B0AD17B681B69002B45
:1067000006D17B681B685B68DAB2FB681A7008E028
:106710007B681B685B68DBB203F07F03DAB2FB685F
:106720001A707B689B6A5A1C7B689A627B68DB8D57
:106730009BB2013B9BB27A681946D185002B20D1D0
:106740007B681B68DA687B681B6822F02002DA60CD
:106750007B681B68DA687B681B6822F48072DA60E9
:106760007B681B685A697B681B6822F001025A61CA
:106770007B68202283F83A207868FEF749FC0023E2
:1067800002E0002300E0022318461037BD4680BD1A
:1067900080B584B000AF78607B681B681B6923F408
:1067A00040517B68DA687B681B680A431A617B6822
:1067B0009A687B681B691A437B685B691343BB60FB
:1067C0007B681B68DB6823F4B05323F00C037A6802
:1067D0001268B9680B43D3607B681B685B6923F45C
:1067E00040717B689A697B681B680A435A617B68C1
:1067F0001B682C4A934203D1FFF7CCFCF86002E0FF
:10680000FFF7B4FCF860FA6813469B0013449A0043
:106810001A447B685B689B00B2FBF3F3224AA2FB3D
:1068200003235B091901FA6813469B0013449A007D
:106830001A447B685B689B00B2FBF3F21A4BA3FB24
:1068400002035B09642000FB03F3D31A1B013233FC
:10685000154AA2FB03235B0903F0F0031944FA680D
:1068600013469B0013449A001A447B685B689B00A4
:10687000B2FBF3F20C4BA3FB02035B09642000FBA9
:1068800003F3D31A1B013233074AA2FB03235B092C
:1068900003F00F027B681B680A449A6000BF103740
:1068A000BD4680BD003801401F85EB5180B584B0E6
:1068B00000AFF860B9607A60FB68002B04D0FB6819
:1068C0009B69B3F5807F01D1012338E0FB6893F821
:1068D0004130DBB2002B06D1FB68002283F8402058
:1068E000F86803F0D5FBFB681A68FB6808331946A3
:1068F000104600F029F8FB681868FB689B681A4688
:10690000B96800F08BF8FB685868FB689A68FB6808
:106910001B6B796800F0B6F8FB681B68FA68926830
:1069200053F82210FB681B68FA68926841F0010175
:1069300043F82210FB68012283F841200023184607
:106940001037BD4680BD000080B487B000AF7860CE
:1069500039603B681A687B6853F822303A681268DD
:1069600023F001017B6843F822103B689B68082BE9
:1069700002D140237B6101E000237B613B685A68C0
:106980007B691A433B689B681A433B68DB681A4380
:106990003B681B691A433B685B691A433B68DB69C8
:1069A0001A433B681B6A1A433B685B6A1A433B689D
:1069B0009B6A1A433B68DB6A1A433B681B6B1343B1
:1069C0003B613B689B693A6913433B613B685B6B86
:1069D0003A6913433B61104BFB60FB6843F48063EF
:1069E000FB60FB6843F4E023FB603B681A687B684C
:1069F00053F82220FB68DB4302EA03013B681A6874
:106A00003B6919437B6843F82210002318461C3762
:106A1000BD4680BC704700BF7FFB080080B485B0D6
:106A200000AFF860B9607A607B685A1CFB6853F865
:106A3000223003F04041BB681A68BB685B681B01E9
:106A40001A43BB689B681B021A43BB68DB681B04C4
:106A50001A43BB681B69013B1B051A43BB685B6992
:106A6000023B1B061A43BB689B6913437A680132D9
:106A70001943FB6843F82210002318461437BD461B
:106A800080BC704780B485B000AFF860B9607A60B0
:106A90003B603B68B3F5804F1DD1FB687A6853F8C3
:106AA0002220134B1340BA681168BA685268120169
:106AB0001143BA68926812021143BA68926911438D
:106AC000BA68D26812040A4343EA0201FB687A6892
:106AD00043F8221005E0FB687A686FF0704143F8D4
:106AE0002210002318461437BD4680BC704700BFF3
:106AF0000000F0CF80B582B000AF78607B68002BDB
:106B000001D1012341E07B6893F83D30DBB2002BDB
:106B100006D17B68002283F83C20786800F039F8C1
:106B20007B68022283F83D207B681A687B68043307
:106B30001946104600F0C2F97B68012283F846200E
:106B40007B68012283F83E207B68012283F83F2086
:106B50007B68012283F840207B68012283F8412072
:106B60007B68012283F842207B68012283F843205E
:106B70007B68012283F844207B68012283F845204A
:106B80007B68012283F83D20002318460837BD4664
:106B900080BD80B483B000AF786000BF0C37BD46C5
:106BA00080BC704780B485B000AF78607B6893F894
:106BB0003D30DBB2012B01D0012344E07B6802228F
:106BC00083F83D207B681B68DA687B681B6842F0AD
:106BD0000102DA607B681B681D4A934218D07B680B
:106BE0001B681C4A934213D07B681B68B3F1804F2B
:106BF0000ED07B681B68184A934209D07B681B68DB
:106C0000164A934204D07B681B68154A934211D1FF
:106C10007B681B689B6803F00703FB60FB68062B1F
:106C200010D07B681B681A687B681B6842F0010201
:106C30001A6007E07B681B681A687B681B6842F073
:106C400001021A60002318461437BD4680BC704705
:106C5000002C0140003401400004004000080040C6
:106C6000000C004080B582B000AF78607B681B6884
:106C70001B6903F00203022B22D17B681B68DB68CF
:106C800003F00203022B1BD17B681B686FF002022A
:106C90001A617B6801221A777B681B689B6903F085
:106CA0000303002B03D0786800F0EDF805E0786866
:106CB00000F0E0F8786800F0EFF87B6800221A77BF
:106CC0007B681B681B6903F00403042B22D17B68DB
:106CD0001B68DB6803F00403042B1BD17B681B6873
:106CE0006FF004021A617B6802221A777B681B68C6
:106CF0009B6903F44073002B03D0786800F0C3F85D
:106D000005E0786800F0B6F8786800F0C5F87B68B0
:106D100000221A777B681B681B6903F00803082BA5
:106D200022D17B681B68DB6803F00803082B1BD1AA
:106D30007B681B686FF008021A617B6804221A776F
:106D40007B681B68DB6903F00303002B03D07868C2
:106D500000F099F805E0786800F08CF8786800F0A9
:106D60009BF87B6800221A777B681B681B6903F01D
:106D70001003102B22D17B681B68DB6803F0100323
:106D8000102B1BD17B681B686FF010021A617B68A7
:106D900008221A777B681B68DB6903F44073002BB9
:106DA00003D0786800F06FF805E0786800F062F8CA
:106DB000786800F071F87B6800221A777B681B689E
:106DC0001B6903F00103012B0ED17B681B68DB6894
:106DD00003F00103012B07D17B681B686FF00102F0
:106DE0001A61786803F0EAFF7B681B681B6903F08F
:106DF0008003802B0ED17B681B68DB6803F0800367
:106E0000802B07D17B681B686FF080021A6178685D
:106E100000F0D7F87B681B681B6903F04003402B28
:106E20000ED17B681B68DB6803F04003402B07D161
:106E30007B681B686FF040021A61786800F035F8D3
:106E40007B681B681B6903F02003202B0ED17B6835
:106E50001B68DB6803F02003202B07D17B681B68CD
:106E60006FF020021A61786800F0A2F800BF0837BE
:106E7000BD4680BD80B483B000AF786000BF0C37E2
:106E8000BD4680BC704780B483B000AF786000BF5F
:106E90000C37BD4680BC704780B483B000AF7860CB
:106EA00000BF0C37BD4680BC704780B483B000AFD4
:106EB000786000BF0C37BD4680BC704780B485B099
:106EC00000AF786039607B681B68FB607B68334A81
:106ED000934213D07B68324A93420FD07B68B3F160
:106EE000804F0BD07B682F4A934207D07B682E4A95
:106EF000934203D07B682D4A934208D1FB6823F06C
:106F00007003FB603B685B68FA681343FB607B6857
:106F1000224A934213D07B68214A93420FD07B6868
:106F2000B3F1804F0BD07B681E4A934207D07B6839
:106F30001D4A934203D07B681C4A934208D1FB68E8
:106F400023F44073FB603B68DB68FA681343FB6023
:106F5000FB6823F080023B685B691343FB607B683E
:106F6000FA681A603B689A687B68DA623B681A685C
:106F70007B689A627B68094A934203D07B68084A1F
:106F8000934203D13B681A697B681A637B680122CC
:106F90005A6100BF1437BD4680BC7047002C0140C9
:106FA000003401400004004000080040000C004094
:106FB00080B483B000AF786000BF0C37BD4680BCA2
:106FC000704780B483B000AF786000BF0C37BD4617
:106FD00080BC704780B586B000AF1E4B9B691D4AD0
:106FE00043F0080393611B4B9B6903F008037B602C
:106FF0007B68184B9B69174A43F040039361154B1C
:107000009B6903F040033B603B682023BB60012386
:10701000FB6001233B6103237B6107F108031946F1
:107020000D48FEF7F3FA2023BB6007F10803194669
:107030000A48FEF7EBFA012220210748FEF791FCEF
:10704000012220210548FEF78CFC00BF1837BD4601
:1070500080BD00BF00100240000C0140001801403C
:1070600080B500AF112002F039FC7820FDF7F0FE6A
:10707000362002F033FC002002F01CFC3A2002F023
:107080002DFC052002F016FCB22002F027FC0C209B
:1070900002F010FC0C2002F00DFC002002F00AFCB3
:1070A000332002F007FC332002F004FCB72002F08A
:1070B00015FC352002F0FEFBBB2002F00FFC322055
:1070C00002F0F8FBC02002F009FC0C2002F0F2FBF9
:1070D000C22002F003FC012002F0ECFBC32002F00E
:1070E000FDFB102002F0E6FBC42002F0F7FB20209D
:1070F00002F0E0FBC62002F0F1FB0F2002F0DAFB09
:10710000D02002F0EBFBA42002F0D4FBA12002F07F
:10711000D1FBE02002F0E2FBD02002F0CBFB00200C
:1071200002F0C8FB022002F0C5FB072002F0C2FB00
:107130000A2002F0BFFB282002F0BCFB322002F044
:10714000B9FB442002F0B6FB422002F0B3FB06205C
:1071500002F0B0FB0E2002F0ADFB122002F0AAFB01
:10716000142002F0A7FB172002F0A4FBE12002F09C
:10717000B5FBD02002F09EFB002002F09BFB02201A
:1071800002F098FB072002F095FB0A2002F092FB28
:10719000282002F08FFB312002F08CFB542002F0FB
:1071A00089FB472002F086FB0E2002F083FB1C20A7
:1071B00002F080FB172002F07DFB1B2002F07AFB1F
:1071C0001E2002F077FB2A2002F088FB002002F04C
:1071D00071FB002002F06EFB002002F06BFBEF2041
:1071E00002F068FB2B2002F079FB002002F062FB2A
:1071F000002002F05FFB012002F05CFB3F2002F068
:1072000059FB292002F06AFB00BF80BD80B500AFAA
:10721000CF2002F063FB002002F04CFBC12002F003
:1072200049FB302002F046FBED2002F057FB6420C2
:1072300002F040FB032002F03DFB122002F03AFB7B
:10724000812002F037FBE82002F048FB852002F0A5
:1072500031FB102002F02EFB7A2002F02BFBCB201A
:1072600002F03CFB392002F025FB2C2002F022FB2F
:10727000002002F01FFB342002F01CFB022002F071
:1072800019FBF72002F02AFB202002F013FBEA2072
:1072900002F024FB002002F00DFB002002F00AFBAC
:1072A000C02002F01BFB1B2002F004FBC12002F0F7
:1072B00015FB012002F0FEFAC52002F00FFB302082
:1072C00002F0F8FA302002F0F5FAC72002F006FBCF
:1072D000B72002F0EFFA362002F000FB482002F05F
:1072E000E9FA3A2002F0FAFA552002F0E3FAB12066
:1072F00002F0F4FA002002F0DDFA1A2002F0DAFAC5
:10730000B62002F0EBFA0A2002F0D4FAA22002F032
:10731000D1FAF22002F0E2FA002002F0CBFA2620A5
:1073200002F0DCFA012002F0C5FAE02002F0D6FA01
:107330000F2002F0BFFA2A2002F0BCFA282002F047
:10734000B9FA082002F0B6FA0E2002F0B3FA0820CB
:1073500002F0B0FA542002F0ADFAA92002F0AAFA25
:10736000432002F0A7FA0A2002F0A4FA0F2002F04C
:10737000A1FA002002F09EFA002002F09BFA002001
:1073800002F098FA002002F095FAE12002F0A6FA45
:10739000002002F08FFA152002F08CFA172002F07C
:1073A00089FA072002F086FA112002F083FA0620FB
:1073B00002F080FA2B2002F07DFA562002F07AFAD1
:1073C0003C2002F077FA052002F074FA102002F057
:1073D00071FA0F2002F06EFA3F2002F06BFA3F20A4
:1073E00002F068FA0F2002F065FA2B2002F076FA1C
:1073F000002002F05FFA002002F05CFA012002F0A7
:1074000059FA3F2002F056FA2A2002F067FA0020CB
:1074100002F050FA002002F04DFA002002F04AFA81
:10742000EF2002F047FA112002F058FA7820FDF719
:107430000FFD292002F052FA00BF80BD80B500AFD9
:10744000ED2002F04BFA012002F034FAFE2002F0A7
:1074500031FAEE2002F042FADE2002F02BFA21206F
:1074600002F028FAF12002F039FA012002F022FAA3
:10747000DF2002F033FA102002F01CFAC42002F0E0
:107480002DFA8F2002F016FAC62002F027FA00200B
:1074900002F010FAE22002F00DFAE22002F00AFAFD
:1074A000E22002F007FABF2002F018FAAA2002F048
:1074B00001FAB02002F012FA0D2002F0FBF90020D0
:1074C00002F0F8F90D2002F0F5F9002002F0F2F9CF
:1074D000112002F0EFF9002002F0ECF9192002F07F
:1074E000E9F9002002F0E6F9212002F0E3F900209A
:1074F00002F0E0F92D2002F0DDF9002002F0DAF9C7
:107500003D2002F0D7F9002002F0D4F95D2002F00E
:10751000D1F9002002F0CEF95D2002F0CBF9002075
:1075200002F0C8F9B12002F0D9F9802002F0C2F9C6
:10753000002002F0BFF98B2002F0BCF9002002F01D
:10754000B9F9962002F0B6F9002002F0B3F9B220A2
:1075500002F0C4F9002002F0ADF9002002F0AAF90F
:10756000022002F0A7F9002002F0A4F9032002F0A3
:10757000A1F9002002F09EF9B32002F0AFF900203B
:1075800002F098F9002002F095F9002002F092F93B
:10759000002002F08FF9002002F08CF9002002F0A8
:1075A00089F9002002F086F9002002F083F900201A
:1075B00002F080F9002002F07DF9002002F07AF953
:1075C000002002F077F9002002F074F9002002F0A8
:1075D00071F9002002F06EF9002002F06BF9002032
:1075E00002F068F9002002F065F9002002F062F96B
:1075F000002002F05FF9002002F05CF9002002F0A8
:1076000059F9002002F056F9002002F053F9B42095
:1076100002F064F98B2002F04DF9002002F04AF9E3
:10762000962002F047F9002002F044F9A12002F070
:1076300041F9002002F03EF9B52002F04FF9022096
:1076400002F038F9002002F035F9032002F032F997
:10765000002002F02FF9042002F02CF9002002F0A3
:1076600029F9B62002F03AF9002002F023F90020AF
:1076700002F020F9B72002F031F9002002F01AF9E7
:10768000002002F017F93F2002F014F9002002F068
:1076900011F95E2002F00EF9002002F00BF96420CF
:1076A00002F008F9002002F005F98C2002F002F93E
:1076B000002002F0FFF8AC2002F0FCF8002002F0FD
:1076C000F9F8DC2002F0F6F8002002F0F3F8702060
:1076D00002F0F0F8002002F0EDF8902002F0EAF855
:1076E000002002F0E7F8EB2002F0E4F8002002F0BE
:1076F000E1F8DC2002F0DEF8002002F0DBF8B82030
:1077000002F0ECF8002002F0D5F8002002F0D2F8E8
:10771000002002F0CFF8002002F0CCF8002002F0A8
:10772000C9F8002002F0C6F8002002F0C3F80020DB
:1077300002F0C0F8BA2002F0D1F8242002F0BAF822
:10774000002002F0B7F8002002F0B4F8002002F0A8
:10775000B1F8C12002F0C2F8202002F0ABF80020FE
:1077600002F0A8F8542002F0A5F8002002F0A2F8D8
:10777000FF2002F09FF8002002F09CF8C22002F0E7
:10778000ADF80A2002F096F8002002F093F80420E9
:1077900002F090F8002002F08DF8C32002F09EF86D
:1077A0003C2002F087F8002002F084F83A2002F032
:1077B00081F8002002F07EF8392002F07BF80020EA
:1077C00002F078F8372002F075F8002002F072F825
:1077D0003C2002F06FF8002002F06CF8362002F036
:1077E00069F8002002F066F8322002F063F8002009
:1077F00002F060F82F2002F05DF8002002F05AF845
:107800002C2002F057F8002002F054F8292002F052
:1078100051F8002002F04EF8262002F04BF800202C
:1078200002F048F8242002F045F8002002F042F867
:10783000242002F03FF8002002F03CF8232002F060
:1078400039F8002002F036F83C2002F033F800202E
:1078500002F030F8362002F02DF8002002F02AF86D
:10786000322002F027F8002002F024F82F2002F046
:1078700021F8002002F01EF82C2002F01BF8002056
:1078800002F018F8292002F015F8002002F012F892
:10789000262002F00FF8002002F00CF8242002F05D
:1078A00009F8002002F006F8242002F003F8002076
:1078B00002F000F8232001F0FDFF002001F0FAFFA4
:1078C000C42002F00BF8622001F0F4FF002001F068
:1078D000F1FF052001F0EEFF002001F0EBFF842016
:1078E00001F0E8FF002001F0E5FFF02001F0E2FFE9
:1078F000002001F0DFFF182001F0DCFF002001F084
:10790000D9FFA42001F0D6FF002001F0D3FF1820FA
:1079100001F0D0FF002001F0CDFF502001F0CAFFA0
:10792000002001F0C7FF0C2001F0C4FF002001F08F
:10793000C1FF172001F0BEFF002001F0BBFF952022
:1079400001F0B8FF002001F0B5FFF32001F0B2FF15
:10795000002001F0AFFFE62001F0ACFF002001F0B5
:10796000A9FFC52001F0BAFF322001F0A3FF0020DB
:1079700001F0A0FF442001F09DFF002001F09AFFDC
:10798000652001F097FF002001F094FF762001F0C0
:1079900091FF002001F08EFF882001F08BFF002076
:1079A00001F088FFC62001F099FF202001F082FF3E
:1079B000002001F07FFF172001F07CFF002001F084
:1079C00079FF012001F076FF002001F073FFC7204E
:1079D00001F084FF002001F06DFF002001F06AFF3C
:1079E000002001F067FF002001F064FFC82001F0D3
:1079F00075FF002001F05EFF002001F05BFF00201A
:107A000001F058FF002001F055FFC92001F066FF8A
:107A1000002001F04FFF002001F04CFF002001F09A
:107A200049FF002001F046FF002001F043FF002045
:107A300001F040FF002001F03DFF002001F03AFF7F
:107A4000002001F037FF002001F034FF002001F09A
:107A500031FF002001F02EFF002001F02BFF00205D
:107A600001F028FF002001F025FF002001F022FF97
:107A7000E02001F033FF162001F01CFF002001F090
:107A800019FF1C2001F016FF002001F013FF212038
:107A900001F010FF002001F00DFF362001F00AFF79
:107AA000002001F007FF462001F004FF002001F054
:107AB00001FF522001F0FEFE002001F0FBFE6420D9
:107AC00001F0F8FE002001F0F5FE7A2001F0F2FE50
:107AD000002001F0EFFE8B2001F0ECFE002001F011
:107AE000E9FE992001F0E6FE002001F0E3FEA82067
:107AF00001F0E0FE002001F0DDFEB92001F0DAFE29
:107B0000002001F0D7FEC42001F0D4FE002001F0D7
:107B1000D1FECA2001F0CEFE002001F0CBFED22023
:107B200001F0C8FE002001F0C5FED92001F0C2FE20
:107B3000002001F0BFFEE02001F0BCFE002001F0BB
:107B4000B9FEF32001F0B6FE002001F0B3FEE12003
:107B500001F0C4FE162001F0ADFE002001F0AAFEE7
:107B60001C2001F0A7FE002001F0A4FE222001F05D
:107B7000A1FE002001F09EFE362001F09BFE0020B9
:107B800001F098FE452001F095FE002001F092FEE4
:107B9000522001F08FFE002001F08CFE642001F0E5
:107BA00089FE002001F086FE7A2001F083FE00208D
:107BB00001F080FE8B2001F07DFE002001F07AFEB6
:107BC000992001F077FE002001F074FEA82001F05A
:107BD00071FE002001F06EFEB92001F06BFE002066
:107BE00001F068FEC42001F065FE002001F062FE95
:107BF000CA2001F05FFE002001F05CFED22001F0FF
:107C000059FE002001F056FED82001F053FE00205E
:107C100001F050FEE02001F04DFE002001F04AFE90
:107C2000F32001F047FE002001F044FEE22001F0C5
:107C300055FE052001F03EFE002001F03BFE0B202A
:107C400001F038FE002001F035FE1B2001F032FE6D
:107C5000002001F02FFE342001F02CFE002001F066
:107C600029FE442001F026FE002001F023FE4F20D3
:107C700001F020FE002001F01DFE612001F01AFE3F
:107C8000002001F017FE792001F014FE002001F021
:107C900011FE882001F00EFE002001F00BFE97205F
:107CA00001F008FE002001F005FEA62001F002FE12
:107CB000002001F0FFFDB72001F0FCFD002001F0E5
:107CC000F9FDC22001F0F6FD002001F0F3FDC72010
:107CD00001F0F0FD002001F0EDFDD12001F0EAFD02
:107CE000002001F0E7FDD62001F0E4FD002001F0C6
:107CF000E1FDDD2001F0DEFD002001F0DBFDF320E1
:107D000001F0D8FD002001F0D5FDE32001F0E6FDF3
:107D1000052001F0CFFD002001F0CCFD0A2001F08C
:107D2000C9FD002001F0C6FD1C2001F0C3FD0020AC
:107D300001F0C0FD332001F0BDFD002001F0BAFDCF
:107D4000442001F0B7FD002001F0B4FD502001F007
:107D5000B1FD002001F0AEFD622001F0ABFD00207E
:107D600001F0A8FD782001F0A5FD002001F0A2FDA2
:107D7000882001F09FFD002001F09CFD972001F07C
:107D800099FD002001F096FDA62001F093FD002052
:107D900001F090FDB72001F08DFD002001F08AFD7B
:107DA000C22001F087FD002001F084FDC72001F012
:107DB00081FD002001F07EFDD12001F07BFD00203F
:107DC00001F078FDD52001F075FD002001F072FD75
:107DD000DD2001F06FFD002001F06CFDF32001F0CB
:107DE00069FD002001F066FDE42001F077FD01202F
:107DF00001F060FD002001F05DFD012001F05AFD61
:107E0000002001F057FD022001F054FD002001F098
:107E100051FD2A2001F04EFD002001F04BFD3C20D9
:107E200001F048FD002001F045FD4B2001F042FD2E
:107E3000002001F03FFD5D2001F03CFD002001F03D
:107E400039FD742001F036FD002001F033FD84205F
:107E500001F030FD002001F02DFD932001F02AFDFE
:107E6000002001F027FDA22001F024FD002001F0F8
:107E700021FDB32001F01EFD002001F01BFDBE20FE
:107E800001F018FD002001F015FDC42001F012FDE5
:107E9000002001F00FFDCD2001F00CFD002001F0CD
:107EA00009FDD32001F006FD002001F003FDDD20D7
:107EB00001F000FD002001F0FDFCF32001F0FAFCD0
:107EC000002001F0F7FCE52001F008FD002001F0A2
:107ED000F1FC002001F0EEFC002001F0EBFC0020A2
:107EE00001F0E8FC022001F0E5FC002001F0E2FCDA
:107EF000292001F0DFFC002001F0DCFC3C2001F037
:107F0000D9FC002001F0D6FC4B2001F0D3FC00206E
:107F100001F0D0FC5D2001F0CDFC002001F0CAFC96
:107F2000742001F0C7FC002001F0C4FC842001F0A3
:107F3000C1FC002001F0BEFC932001F0BBFC00203E
:107F400001F0B8FCA22001F0B5FC002001F0B2FC69
:107F5000B32001F0AFFC002001F0ACFCBE2001F02A
:107F6000A9FC002001F0A6FCC42001F0A3FC002025
:107F700001F0A0FCCD2001F09DFC002001F09AFC56
:107F8000D32001F097FC002001F094FCDC2001F0EC
:107F900091FC002001F08EFCF32001F08BFC00200E
:107FA00001F088FCE62001F099FC112001F082FC30
:107FB000002001F07FFC342001F07CFC002001F067
:107FC00079FC562001F076FC002001F073FC76204D
:107FD00001F070FC002001F06DFC772001F06AFCDC
:107FE000002001F067FC662001F064FC002001F035
:107FF00061FC882001F05EFC002001F05BFC992010
:1080000001F058FC002001F055FCBB2001F052FCAF
:10801000002001F04FFC992001F04CFC002001F001
:1080200049FC662001F046FC002001F043FC55208D
:1080300001F040FC002001F03DFC552001F03AFC2D
:10804000002001F037FC452001F034FC002001F055
:1080500031FC432001F02EFC002001F02BFC4420D9
:1080600001F028FC002001F025FCE72001F036FC9F
:10807000322001F01FFC002001F01CFC552001F013
:1080800019FC002001F016FC762001F013FC002002
:1080900001F010FC662001F00DFC002001F00AFC4C
:1080A000672001F007FC002001F004FC672001F0CC
:1080B00001FC002001F0FEFB872001F0FBFB00200B
:1080C00001F0F8FB992001F0F5FB002001F0F2FB34
:1080D000BB2001F0EFFB002001F0ECFB992001F048
:1080E000E9FB002001F0E6FB772001F0E3FB002034
:1080F00001F0E0FB442001F0DDFB002001F0DAFBA1
:10810000562001F0D7FB002001F0D4FB232001F022
:10811000D1FB002001F0CEFB332001F0CBFB00208F
:1081200001F0C8FB452001F0C5FB002001F0C2FBB7
:10813000E82001F0D3FB002001F0BCFB002001F09F
:10814000B9FB992001F0B6FB002001F0B3FB8720BA
:1081500001F0B0FB002001F0ADFB882001F0AAFB8C
:10816000002001F0A7FB772001F0A4FB002001F024
:10817000A1FB662001F09EFB002001F09BFB882004
:1081800001F098FB002001F095FBAA2001F092FB82
:10819000002001F08FFBBB2001F08CFB002001F0E0
:1081A00089FB992001F086FB002001F083FB66200B
:1081B00001F080FB002001F07DFB552001F07AFBEF
:1081C000002001F077FB552001F074FB002001F046
:1081D00071FB442001F06EFB002001F06BFB44209A
:1081E00001F068FB002001F065FB552001F062FB07
:1081F000002001F05FFBE92001F070FBAA2001F0F4
:1082000059FB002001F056FB002001F053FB002039
:1082100001F050FB002001F061FBAA2001F04AFBB5
:10822000CF2001F05BFB002001F044FB002001F0B7
:1082300041FB002001F03EFB002001F03BFB002051
:1082400001F038FB002001F035FB002001F032FB8B
:10825000002001F02FFB002001F02CFB002001F09A
:1082600029FB002001F026FB002001F023FB002069
:1082700001F020FB002001F01DFB002001F01AFBA3
:10828000002001F017FB002001F014FBF02001F0AA
:1082900025FB002001F00EFB502001F00BFB00201D
:1082A00001F008FB002001F005FB002001F002FBBB
:1082B000F32001F013FB002001F0FCFAF92001F09B
:1082C0000DFB062001F0F6FA102001F0F3FA292048
:1082D00001F0F0FA002001F0EDFA3A2001F0FEFA88
:1082E000552001F0E7FA112001F0F8FA6420FCF7BC
:1082F000AFFD292001F0F2FA352001F0EFFA00205D
:1083000001F0D8FA512001F0E9FAFF2001F0D2FA89
:10831000532001F0E3FA2C2001F0CCFA552001F0B3
:10832000DDFA822001F0C6FA2C2001F0D7FA00BF56
:1083300080BD80B500AF112001F0D0FA7820FCF7A5
:1083400087FD362001F0CAFA482001F0B3FA3A203E
:1083500001F0C4FA552001F0ADFAF02001F0BEFAA8
:10836000C32001F0A7FAF02001F0B8FA962001F03E
:10837000A1FAB42001F0B2FA012001F09BFAB62074
:1083800001F0ACFA0A2001F095FAA22001F092FA6D
:10839000B72001F0A3FAC62001F08CFAB92001F051
:1083A0009DFA022001F086FAE02001F083FAC02055
:1083B00001F094FA802001F07DFA162001F07AFA9B
:1083C000C12001F08BFA192001F074FAC22001F0EB
:1083D00085FAA72001F06EFAC52001F07FFA162079
:1083E00001F068FAE82001F079FA402001F062FA21
:1083F0008A2001F05FFA002001F05CFA002001F011
:1084000059FA292001F056FA192001F053FAA52053
:1084100001F050FA332001F04DFAE02001F05EFA4D
:10842000F02001F047FA072001F044FA0D2001F096
:1084300041FA042001F03EFA052001F03BFA142035
:1084400001F038FA362001F035FA542001F032FA02
:108450004C2001F02FFA382001F02CFA132001F003
:1084600029FA142001F026FA2E2001F023FA3420F4
:1084700001F020FAE12001F031FAF02001F01AFABF
:10848000102001F017FA142001F014FA0E2001F068
:1084900011FA0C2001F00EFA082001F00BFA352039
:1084A00001F008FA442001F005FA4C2001F002FA2C
:1084B000262001F0FFF9102001F0FCF9122001F054
:1084C000F9F92C2001F0F6F9322001F0F3F9F0204F
:1084D00001F004FA3C2001F0EDF9F02001F0FEF982
:1084E000692001F0E7F97820FCF7B2FC212001F0C7
:1084F000F5F9292001F0F2F900BF80BD80B500AF89
:1085000055214FF4704001F0FDF9AA214FF201000E
:1085100001F0F8F952214FF2020001F0F3F90821BD
:108520004FF2030001F0EEF901214FF2040001F0D7
:10853000E9F90D214FF4304001F0E4F90D214BF23F
:10854000010001F0DFF90D214BF2020001F0DAF930
:1085500034214FF4364001F0D5F934214BF201605B
:1085600001F0D0F934214BF2026001F0CBF90D217A
:108570004FF4314001F0C6F90D214BF2011001F02A
:10858000C1F90D214BF2021001F0BCF934214FF476
:10859000374001F0B7F934214BF2017001F0B2F924
:1085A00034214BF2027001F0ADF900214FF432405A
:1085B00001F0A8F900214BF2012001F0A3F90021FC
:1085C0004BF2022001F09EF924214FF4384001F0D3
:1085D00099F924214BF6010001F094F924214BF67E
:1085E000020001F08FF901214FF43F4001F08AF9B8
:1085F0000F214FF4334001F085F90F214BF2013088
:1086000001F080F90F214BF2023001F07BF93421A7
:108610004FF4394001F076F934214BF6011001F0A6
:1086200071F934214BF6021001F06CF908214FF476
:10863000354001F067F908214BF2015001F062F971
:1086400008214BF2025001F05DF903214FF4424042
:1086500001F058F924214FF43A4001F053F9242154
:108660004BF6012001F04EF924214BF6022001F0D7
:1086700049F900214FF43C4001F044F978214BF6D0
:10868000014001F03FF900214BF6024001F03AF9B8
:1086900000214FF43D4001F035F978214BF60150AF
:1086A00001F030F900214BF6025001F02BF90021C6
:1086B0004FF43E4001F026F964214BF6016001F0D1
:1086C00021F900214FF4514001F01CF933214DF202
:1086D000011001F017F900214DF2021001F012F91A
:1086E00034214DF2031001F00DF900214DF2041078
:1086F00001F008F93A214DF2051001F003F90021CB
:108700004DF2061001F0FEF84A214DF2071001F07B
:10871000F9F800214DF2081001F0F4F85C214DF257
:10872000091001F0EFF800214DF20A1001F0EAF80B
:1087300081214DF20B1001F0E5F800214DF20C10F3
:1087400001F0E0F8A6214DF20D1001F0DBF8002158
:108750004DF20E1001F0D6F8E5214DF20F1001F0A8
:10876000D1F801214DF2101001F0CCF813214DF297
:10877000111001F0C7F801214DF2121001F0C2F8FA
:1087800054214DF2131001F0BDF801214DF21410E7
:1087900001F0B8F882214DF2151001F0B3F8012173
:1087A0004DF2161001F0AEF8CA214DF2171001F08B
:1087B000A9F802214DF2181001F0A4F800214DF2A1
:1087C000191001F09FF802214DF21A1001F09AF8E9
:1087D00001214DF21B1001F095F802214DF21C1001
:1087E00001F090F834214DF21D1001F08BF80221B8
:1087F0004DF21E1001F086F867214DF21F1001F0B6
:1088000081F802214DF2201001F07CF884214DF214
:10881000211001F077F802214DF2221001F072F8D8
:10882000A4214DF2231001F06DF802214DF2241025
:1088300001F068F8B7214DF2251001F063F802212C
:108840004DF2261001F05EF8CF214DF2271001F015
:1088500059F802214DF2281001F054F8DE214DF2B2
:10886000291001F04FF802214DF22A1001F04AF8C8
:10887000F2214DF22B1001F045F802214DF22C109F
:1088800001F040F8FE214DF22D1001F03BF80321DC
:108890004DF22E1001F036F810214DF22F1001F09C
:1088A00031F803214DF2301001F02CF833214DF254
:1088B000311001F027F803214DF2321001F022F8B7
:1088C0006D214DF2331001F01DF800214FF452409C
:1088D00001F018F833214DF2012001F013F80021C6
:1088E0004DF2022001F00EF834214DF2032001F088
:1088F00009F800214DF2042001F004F83A214DF26C
:10890000052000F0FFFF00214DF2062000F0FAFFE5
:108910004A214DF2072000F0F5FF00214DF208201A
:1089200000F0F0FF5C214DF2092000F0EBFF002188
:108930004DF20A2000F0E6FF81214DF20B2000F0FD
:10894000E1FF00214DF20C2000F0DCFFA6214DF2EA
:108950000D2000F0D7FF00214DF20E2000F0D2FFD5
:10896000E5214DF20F2000F0CDFF01214DF2102046
:1089700000F0C8FF13214DF2112000F0C3FF0121C8
:108980004DF2122000F0BEFF54214DF2132000F0F2
:10899000B9FF01214DF2142000F0B4FF82214DF205
:1089A000152000F0AFFF01214DF2162000F0AAFFC4
:1089B000CA214DF2172000F0A5FF02214DF2182028
:1089C00000F0A0FF00214DF2192000F09BFF0221D2
:1089D0004DF21A2000F096FF01214DF21B2000F00D
:1089E00091FF02214DF21C2000F08CFF34214DF24A
:1089F0001D2000F087FF02214DF21E2000F082FFB3
:108A000067214DF21F2000F07DFF02214DF2202052
:108A100000F078FF84214DF2212000F073FF022145
:108A20004DF2222000F06EFFA4214DF2232000F031
:108A300069FF02214DF2242000F064FFB7214DF2BE
:108A4000252000F05FFF02214DF2262000F05AFFA2
:108A5000CF214DF2272000F055FF02214DF22820B2
:108A600000F050FFDE214DF2292000F04BFF0221E3
:108A70004DF22A2000F046FFF2214DF22B2000F0AB
:108A800041FF02214DF22C2000F03CFFFE214DF26F
:108A90002D2000F037FF03214DF22E2000F032FF91
:108AA00010214DF22F2000F02DFF03214DF2302038
:108AB00000F028FF33214DF2312000F023FF032185
:108AC0004DF2322000F01EFF6D214DF2332000F0F8
:108AD00019FF00214FF4534000F014FF33214DF2F1
:108AE000013000F00FFF00214DF2023000F00AFFCC
:108AF00034214DF2033000F005FF00214DF2043027
:108B000000F000FF3A214DF2053000F0FBFE00219D
:108B10004DF2063000F0F6FE4A214DF2073000F02B
:108B2000F1FE00214DF2083000F0ECFE5C214DF228
:108B3000093000F0E7FE00214DF20A3000F0E2FEBD
:108B400081214DF20B3000F0DDFE00214DF20C30A2
:108B500000F0D8FEA6214DF20D3000F0D3FE00212A
:108B60004DF20E3000F0CEFEE5214DF20F3000F058
:108B7000C9FE01214DF2103000F0C4FE13214DF268
:108B8000113000F0BFFE01214DF2123000F0BAFEAC
:108B900054214DF2133000F0B5FE01214DF2143096
:108BA00000F0B0FE82214DF2153000F0ABFE012145
:108BB0004DF2163000F0A6FECA214DF2173000F03B
:108BC000A1FE02214DF2183000F09CFE00214DF272
:108BD000193000F097FE02214DF21A3000F092FE9B
:108BE00001214DF21B3000F08DFE02214DF21C30B0
:108BF00000F088FE34214DF21D3000F083FE02218A
:108C00004DF21E3000F07EFE67214DF21F3000F065
:108C100079FE02214DF2203000F074FE84214DF2E5
:108C2000213000F06FFE02214DF2223000F06AFE8A
:108C3000A4214DF2233000F065FE02214DF22430D4
:108C400000F060FEB7214DF2253000F05BFE0221FE
:108C50004DF2263000F056FECF214DF2273000F0C5
:108C600051FE02214DF2283000F04CFEDE214DF283
:108C7000293000F047FE02214DF22A3000F042FE7A
:108C8000F2214DF22B3000F03DFE02214DF22C304E
:108C900000F038FEFE214DF22D3000F033FE0321AE
:108CA0004DF22E3000F02EFE10214DF22F3000F04C
:108CB00029FE03214DF2303000F024FE33214DF225
:108CC000313000F01FFE03214DF2323000F01AFE69
:108CD0006D214DF2333000F015FE00214FF4544069
:108CE00000F010FE33214DF2014000F00BFE002198
:108CF0004DF2024000F006FE34214DF2034000F038
:108D000001FE00214DF2044000F0FCFD3A214DF23D
:108D1000054000F0F7FD00214DF2064000F0F2FDA5
:108D20004A214DF2074000F0EDFD00214DF20840D0
:108D300000F0E8FD5C214DF2094000F0E3FD002168
:108D40004DF20A4000F0DEFD81214DF20B4000F0B3
:108D5000D9FD00214DF20C4000F0D4FDA6214DF2CA
:108D60000D4000F0CFFD00214DF20E4000F0CAFD95
:108D7000E5214DF20F4000F0C5FD01214DF21040FC
:108D800000F0C0FD13214DF2114000F0BBFD0121A8
:108D90004DF2124000F0B6FD54214DF2134000F0A8
:108DA000B1FD01214DF2144000F0ACFD82214DF2E5
:108DB000154000F0A7FD01214DF2164000F0A2FD84
:108DC000CA214DF2174000F09DFD02214DF21840DE
:108DD00000F098FD00214DF2194000F093FD0221B2
:108DE0004DF21A4000F08EFD01214DF21B4000F0C3
:108DF00089FD02214DF21C4000F084FD34214DF22A
:108E00001D4000F07FFD02214DF21E4000F07AFD72
:108E100067214DF21F4000F075FD02214DF2204008
:108E200000F070FD84214DF2214000F06BFD022125
:108E30004DF2224000F066FDA4214DF2234000F0E7
:108E400061FD02214DF2244000F05CFDB7214DF29E
:108E5000254000F057FD02214DF2264000F052FD62
:108E6000CF214DF2274000F04DFD02214DF2284068
:108E700000F048FDDE214DF2294000F043FD0221C3
:108E80004DF22A4000F03EFDF2214DF22B4000F061
:108E900039FD02214DF22C4000F034FDFE214DF24F
:108EA0002D4000F02FFD03214DF22E4000F02AFD51
:108EB00010214DF22F4000F025FD03214DF23040EE
:108EC00000F020FD33214DF2314000F01BFD032165
:108ED0004DF2324000F016FD6D214DF2334000F0AE
:108EE00011FD00214FF4554000F00CFD33214DF2EF
:108EF000015000F007FD00214DF2025000F002FD8C
:108F000034214DF2035000F0FDFC00214DF20450DD
:108F100000F0F8FC3A214DF2055000F0F3FC00217E
:108F20004DF2065000F0EEFC4A214DF2075000F0E1
:108F3000E9FC00214DF2085000F0E4FC5C214DF208
:108F4000095000F0DFFC00214DF20A5000F0DAFC7D
:108F500081214DF20B5000F0D5FC00214DF20C5058
:108F600000F0D0FCA6214DF20D5000F0CBFC00210A
:108F70004DF20E5000F0C6FCE5214DF20F5000F00E
:108F8000C1FC01214DF2105000F0BCFC13214DF248
:108F9000115000F0B7FC01214DF2125000F0B2FC6C
:108FA00054214DF2135000F0ADFC01214DF214504C
:108FB00000F0A8FC82214DF2155000F0A3FC012125
:108FC0004DF2165000F09EFCCA214DF2175000F0F1
:108FD00099FC02214DF2185000F094FC00214DF252
:108FE000195000F08FFC02214DF21A5000F08AFC5B
:108FF00001214DF21B5000F085FC02214DF21C5066
:1090000000F080FC34214DF21D5000F07BFC022169
:109010004DF21E5000F076FC67214DF21F5000F01B
:1090200071FC02214DF2205000F06CFC84214DF2C5
:10903000215000F067FC02214DF2225000F062FC4A
:10904000A4214DF2235000F05DFC02214DF224508A
:1090500000F058FCB7214DF2255000F053FC0221DE
:109060004DF2265000F04EFCCF214DF2275000F07B
:1090700049FC02214DF2285000F044FCDE214DF263
:10908000295000F03FFC02214DF22A5000F03AFC3A
:10909000F2214DF22B5000F035FC02214DF22C5004
:1090A00000F030FCFE214DF22D5000F02BFC03218E
:1090B0004DF22E5000F026FC10214DF22F5000F002
:1090C00021FC03214DF2305000F01CFC33214DF205
:1090D000315000F017FC03214DF2325000F012FC29
:1090E0006D214DF2335000F00DFC00214FF456403D
:1090F00000F008FC33214DF2016000F003FC002178
:109100004DF2026000F0FEFB34214DF2036000F0EE
:10911000F9FB00214DF2046000F0F4FB3A214DF21E
:10912000056000F0EFFB00214DF2066000F0EAFB65
:109130004A214DF2076000F0E5FB00214DF2086086
:1091400000F0E0FB5C214DF2096000F0DBFB002148
:109150004DF20A6000F0D6FB81214DF20B6000F069
:10916000D1FB00214DF20C6000F0CCFBA6214DF2AA
:109170000D6000F0C7FB00214DF20E6000F0C2FB55
:10918000E5214DF20F6000F0BDFB01214DF21060B2
:1091900000F0B8FB13214DF2116000F0B3FB012188
:1091A0004DF2126000F0AEFB54214DF2136000F05E
:1091B000A9FB01214DF2146000F0A4FB82214DF2C5
:1091C000156000F09FFB01214DF2166000F09AFB44
:1091D000CA214DF2176000F095FB02214DF2186094
:1091E00000F090FB00214DF2196000F08BFB022192
:1091F0004DF21A6000F086FB01214DF21B6000F079
:1092000081FB02214DF21C6000F07CFB34214DF209
:109210001D6000F077FB02214DF21E6000F072FB32
:1092200067214DF21F6000F06DFB02214DF22060BE
:1092300000F068FB84214DF2216000F063FB022105
:109240004DF2226000F05EFBA4214DF2236000F09D
:1092500059FB02214DF2246000F054FBB7214DF27E
:10926000256000F04FFB02214DF2266000F04AFB22
:10927000CF214DF2276000F045FB02214DF228601E
:1092800000F040FBDE214DF2296000F03BFB0221A3
:109290004DF22A6000F036FBF2214DF22B6000F017
:1092A00031FB02214DF22C6000F02CFBFE214DF22F
:1092B0002D6000F027FB03214DF22E6000F022FB11
:1092C00010214DF22F6000F01DFB03214DF23060A4
:1092D00000F018FB33214DF2316000F013FB032145
:1092E0004DF2326000F00EFB6D214DF2336000F064
:1092F00009FB55214FF4704000F004FBAA214FF206
:10930000010000F0FFFA52214FF2020000F0FAFAD9
:1093100008214FF2030000F0F5FA00214FF204009B
:1093200000F0F0FACC214FF4314000F0EBFA0021CC
:109330004BF2011000F0E6FA05214FF4364000F040
:10934000E1FA70214FF4374000F0DCFA70214BF263
:10935000017000F0D7FA01214FF4384000F0D2FA42
:1093600003214BF6010000F0CDFA03214BF6020079
:1093700000F0C8FA03214BF6030000F0C3FA022103
:109380004FF43C4000F0BEFA00214BF6014000F0E3
:10939000B9FA00214BF6024000F0B4FAD0214FF4A4
:1093A000494000F0AFFA02214CF6011000F0AAFA91
:1093B00050214CF6021000F0A5FA50214CF6031093
:1093C00000F0A0FA50214CF6041000F09BFA0021A6
:1093D0004FF4545000F096FA55214FF4685000F0C5
:1093E00091FA4FF4885000F079FA7820FBF7F2FCFC
:1093F0004FF4245000F072FA00BF80BD80B500AF7A
:10940000FF2000F06BFAFF2000F054FA982000F0E3
:1094100051FA062000F04EFABC2000F05FFA01205D
:1094200000F048FA0F2000F045FA612000F042FAFF
:10943000FF2000F03FFA012000F03CFA012000F08C
:1094400039FA0B2000F036FA102000F033FA3720FA
:1094500000F030FA632000F02DFAFF2000F02AFA25
:10946000FF2000F027FA012000F024FA012000F08C
:1094700021FA002000F01EFA002000F01BFAFF2065
:1094800000F018FA522000F015FA012000F012FA4C
:10949000002000F00FFA402000F00CFABD2000F090
:1094A0001DFA012000F006FA232000F003FA4520FF
:1094B00000F000FA672000F0FDF9012000F0FAF951
:1094C000232000F0F7F9452000F0F4F9672000F0C0
:1094D000F1F9BE2000F002FA002000F0EBF90120C3
:1094E00000F0E8F9AB2000F0E5F9602000F0E2F9C7
:1094F000222000F0DFF9222000F0DCF9222000F029
:10950000D9F9222000F0D6F9222000F0D3F9C720A3
:1095100000F0E4F9362000F0CDF9ED2000F0DEF99E
:109520007F2000F0C7F90F2000F0C4F9C02000F040
:10953000D5F90F2000F0BEF90B2000F0BBF90A208E
:1095400000F0B8F9FC2000F0C9F9082000F0B2F9E9
:10955000DF2000F0C3F9002000F0ACF9002000F09B
:10956000A9F9002000F0A6F9002000F0A3F90020DE
:1095700000F0A0F9202000F09DF9F32000F0AEF9F2
:10958000742000F097F9B42000F0A8F9002000F052
:1095900091F9002000F08EF9002000F08BF9F720FF
:1095A00000F09CF9822000F085F9B12000F096F9D6
:1095B000002000F07FF9132000F07CF9132000F068
:1095C00079F9F22000F08AF9802000F073F9042084
:1095D00000F070F9402000F06DF9282000F06AF9E1
:1095E000C12000F07BF9172000F064F9882000F01A
:1095F00061F9882000F05EF9202000F05BF9E0209E
:1096000000F06CF9002000F055F90A2000F052F942
:10961000122000F04FF9102000F04CF90E2000F05D
:1096200049F9202000F046F9CC2000F043F907204A
:1096300000F040F9062000F03DF90B2000F03AF967
:109640000E2000F037F90F2000F034F90D2000F063
:1096500031F9152000F02EF9102000F02BF9002030
:1096600000F028F9E12000F039F9002000F022F99B
:109670000B2000F01FF9132000F01CF90D2000F062
:1096800019F90E2000F016F91B2000F013F97120D3
:1096900000F010F9062000F00DF9062000F00AF99C
:1096A0000A2000F007F90F2000F004F90E2000F066
:1096B00001F90F2000F0FEF8152000F0FBF80C2057
:1096C00000F0F8F8002000F0F5F82A2000F006F984
:1096D000002000F0EFF8002000F0ECF8012000F08E
:1096E000E9F8DF2000F0E6F82B2000F0F7F8002082
:1096F00000F0E0F8002000F0DDF8032000F0DAF8D8
:109700001F2000F0D7F83A2000F0E8F8552000F0CC
:10971000D1F8362000F0E2F8002000F0CBF811205C
:1097200000F0DCF87820FBF793FB292000F0D6F856
:109730001420FBF78DFB2C2000F0D0F800BF80BD7B
:1097400080B500AFE22000F0C9F81D2000F0B2F8AB
:10975000022000F0AFF8042000F0ACF86420FBF722
:1097600039FBE02000F0BAF8012000F0A3F80A204D
:10977000FBF76EFBE02000F0B1F8032000F09AF850
:109780000C20FBF765FB012000F0A8F80A20FBF78E
:109790005FFBE62000F0A2F82F2000F08BF8FF20FE
:1097A00000F088F8FF2000F085F8B02000F096F86F
:1097B000202000F07FF8002000F07CF8032000F06B
:1097C00079F840F21F3000F075F8012000F072F8CF
:1097D00040F2DF1000F06EF8002000F06BF8B420CB
:1097E00000F07CF8042000F065F840F21F4000F023
:1097F00061F8002000F05EF82E2000F05BF80020F9
:1098000000F058F8002000F055F8002000F052F861
:10981000002000F04FF8B62000F060F8022000F0C1
:1098200049F84FF4037000F045F8002000F042F8CA
:10983000172000F03FF8152000F03CF8002000F061
:1098400039F8002000F036F8F02000F047F8032047
:1098500000F030F8292000F041F8D02000F03EF868
:10986000002000F027F8BE2000F038F8052000F0B6
:1098700021F8FE2000F01EF8012000F01BF8002067
:1098800000F018F8002000F015F8002000F012F8A1
:10989000B82000F023F8032000F00CF8012000F0BD
:1098A00009F8BA2000F01AF8012000F003F800BF10
:1098B00080BD000080B483B000AF0346FB80FB880E
:1098C0009BB2FB80044BFA8892B25A8000BF0C37DF
:1098D000BD4680BC704700BFFE07006C80B483B0FB
:1098E00000AF0346FB80FB889BB2FB80044BFA88E9
:1098F00092B21A8000BF0C37BD4680BC704700BFD3
:10990000FE07006C80B483B000AF03460A46FB80BC
:109910001346BB80054AFB881380044ABB885380EA
:1099200000BF0C37BD4680BC704700BFFE07006C0F
:1099300080B483B000AF786000BF7B685A1E7A6045
:10994000002BFAD100BF00BF0C37BD4680BC70476A
:1099500080B582B000AF0220FFF7EAFF044B5B88BE
:109960009BB2FB80FB889BB218460837BD4680BD82
:10997000FE07006C80B400AF034B044A12891A80C2
:1099800000BFBD4680BC7047FE07006CD8040020B5
:1099900080B582B000AF03460A46FB801346BB8009
:1099A000654B9B8841F66312934267D1624B9B796A
:1099B000002B1ED1604B1A88FB88D31A9BB2013B47
:1099C000FB805D4B5B891846FFF788FF0020FFF79F
:1099D00071FF0020FFF76EFFFB881B0A9BB2184641
:1099E000FFF768FFFB88DBB29BB21846FFF762FF08
:1099F00021E0514B5B891846FFF770FFFB881B0A7B
:109A00009BB21846FFF756FFFB88DBB29BB21846A5
:109A1000FFF750FF484B1B88013B1B129BB21846B7
:109A2000FFF748FF444B1B88013B9BB2DBB29BB264
:109A30001846FFF73FFF404B9B891846FFF74EFF44
:109A4000BB881B0A9BB21846FFF734FFBB88DBB20A
:109A50009BB21846FFF72EFF374B5B88013B1B126A
:109A60009BB21846FFF726FF334B5B88013B9BB246
:109A7000DBB29BB21846FFF71DFF58E02E4B9B88C8
:109A800045F21052934230D12B4B5B891846FFF7B9
:109A900025FFFB881B0A9BB21846FFF70BFF264BDE
:109AA0005B8901339BB21846FFF718FFFB88DBB2D6
:109AB0009BB21846FFF7FEFE1F4B9B891846FFF727
:109AC0000DFFBB881B0A9BB21846FFF7F3FE1A4B2B
:109AD0009B8901339BB21846FFF700FFBB88DBB2BE
:109AE0009BB21846FFF7E6FE21E0134B5B89184650
:109AF000FFF7F4FEFB881B0A9BB21846FFF7DAFE5D
:109B0000FB88DBB29BB21846FFF7D4FE0A4B9B8959
:109B10001846FFF7E3FEBB881B0A9BB21846FFF707
:109B2000C9FEBB88DBB29BB21846FFF7C3FE00BF7D
:109B30000837BD4680BD00BFD804002080B584B082
:109B400000AF0346FB710023FB810023BB819C4BCC
:109B50009B79012B05D19A4B9B8841F66312934266
:109B600009D1974B9B79002B34D1954B9B8841F6BB
:109B7000631293422ED1FB79072B2BD801A252F806
:109B800023F000BFA59B0008AB9B0008B19B000819
:109B9000B79B0008BD9B0008C39B0008C99B000839
:109BA000CF9B00080623FB7114E00723FB7111E033
:109BB0000423FB710EE00523FB710BE00123FB7115
:109BC00008E00023FB7105E00323FB7102E00223A0
:109BD000FB7100BFFB79072B35D801A252F823F0A7
:109BE000479C0008019C00080B9C0008159C00087D
:109BF0001F9C0008299C0008339C00083D9C00081D
:109C0000FB8943F08003FB811DE0FB8943F04003A7
:109C1000FB8118E0FB8943F0C003FB8113E0FB8963
:109C200043F02003FB810EE0FB8943F06003FB81DE
:109C300009E0FB8943F0A003FB8104E0FB8943F0CA
:109C4000E003FB8100BF3623BB815D4B9B8845F25F
:109C50001052934202D14FF45853BB81584B9B880A
:109C600049F2413293420BD0554B9B8847F289729F
:109C7000934205D0524B9B8847F29672934203D190
:109C8000FB8943F00803FB81FA89BB89114618461A
:109C9000FFF738FE4A4B9B8841F66312934225D06A
:109CA000FB8903F02003002B10D0454B1A88444B4E
:109CB0005B889A421AD2424B1B887B81404B5A8860
:109CC0003F4B1A803E4A7B8953800FE03C4B1A88F9
:109CD0003B4B5B889A4209D9394B1B887B81384BB7
:109CE0005A88374B1A80364A7B895380344B9B887D
:109CF00045F21052934265D1314B5B891846FFF70C
:109D0000EDFD0020FFF7D6FD2D4B5B8901339BB2A3
:109D10001846FFF7E3FD0020FFF7CCFD284B5B89D9
:109D200002339BB21846FFF7D9FD254B1B88013B38
:109D30001B129BB21846FFF7BDFD214B5B89033315
:109D40009BB21846FFF7CAFD1D4B1B88013B9BB217
:109D5000DBB29BB21846FFF7ADFD194B9B89184645
:109D6000FFF7BCFD0020FFF7A5FD154B9B890133D4
:109D70009BB21846FFF7B2FD0020FFF79BFD104B8A
:109D80009B8902339BB21846FFF7A8FD0C4B5B88FA
:109D9000013B1B129BB21846FFF78CFD084B9B89B9
:109DA00003339BB21846FFF799FD054B5B88013BD7
:109DB0009BB2DBB29BB21846FFF77CFD3AE000BFD6
:109DC000D80400201D4B5B891846FFF787FD002053
:109DD000FFF770FD0020FFF76DFD184B1B88013B5E
:109DE0001B129BB21846FFF765FD144B1B88013B05
:109DF0009BB2DBB29BB21846FFF75CFD0F4B9B8911
:109E00001846FFF76BFD0020FFF754FD0020FFF719
:109E100051FD0A4B5B88013B1B129BB21846FFF7B2
:109E200049FD064B5B88013B9BB2DBB29BB21846F7
:109E3000FFF740FD00BF1037BD4680BDD8040020AD
:109E400080B582B000AF03463A60FB800B46BB8012
:109E5000BA88FB8811461846FFF79AFDFFF78AFD7E
:109E6000034B3A6892B25A8000BF0837BD4680BDA6
:109E7000FE07006C0000000080B582B000AF034612
:109E8000FB71BE20FFF72AFD0520FFF713FDFB79CC
:109E90001846FAF703FA10A3D3E90023FAF768FA91
:109EA00002460B4610461946FAF73AFD03469BB2A6
:109EB0001846FFF7FFFC0120FFF7FCFCFF20FFF72F
:109EC000F9FC0020FFF7F6FC0020FFF7F3FC00BFD1
:109ED0000837BD4680BD00BF66666666666604409C
:109EE00080B582B000AF0346FB71684AFB7993717D
:109EF000FB79002B65D1654BF0221A80634B4FF440
:109F0000A0725A80614B9B8845F21052934214D143
:109F10005E4B4FF430521A815C4B4FF428525A81F9
:109F20005A4B4FF42C529A81584B4FF4F0721A80CE
:109F3000564B4FF448725A8020E0544B9B8841F6B0
:109F40006312934211D1514B2C221A814F4B2B2279
:109F50005A814E4B2A229A814C4B4FF4F0721A8050
:109F60004A4B4FF448725A8008E0484B2C221A8121
:109F7000464B2A225A81454B2B229A81434B9B8880
:109F800045F21032934205D0404B9B8847F29672BF
:109F9000934207D13D4B4FF4A0721A803B4B4FF4D4
:109FA000F0725A80394B9B8849F60602934265D17C
:109FB000364B4FF4F0721A80344B4FF448725A808B
:109FC0005CE0324B4FF4A0721A80304BF0225A8082
:109FD0002E4B9B8845F21052934214D12B4B4FF4D9
:109FE00030521A81294B4FF428525A81274B4FF493
:109FF0002C529A81254B4FF448721A80234B4FF410
:10A00000F0725A8026E0214B9B8841F663129342FE
:10A0100005D01E4B9B8849F60602934211D11B4B7B
:10A020002C221A81194B2A225A81184B2B229A81F1
:10A03000164B4FF448721A80144B4FF4F0725A804A
:10A0400008E0124B2C221A81104B2A225A810F4B06
:10A050002B229A810D4B9B8845F21032934205D0FA
:10A060000A4B9B8847F29672934207D1074B4FF4F5
:10A07000F0721A80054B4FF4A0725A800020FFF74F
:10A080005DFD00BF0837BD4680BD00BFD80400207D
:10A0900080B58AB000AF78601F4B5B691E4A43F4FD
:10A0A000807353611C4B5B6903F480737B617B6934
:10A0B000194B9B69184A43F020039361164B9B6927
:10A0C00003F020033B613B69134B9B69124A43F049
:10A0D00040039361104B9B6903F04003FB60FB68F6
:10A0E0004CF20373BB610223FB6101233B62032338
:10A0F0007B6207F1180319460848FBF787FA4FF609
:10A100008073BB6107F1180319460548FBF77EFA17
:10A1100000BF2837BD4680BD00100240001401403A
:10A120000018014080B598B000AFAD4B9B69AC4AB8
:10A1300043F480739361AA4B9B6903F480737B6142
:10A140007B69A74B9B69A64A43F020039361A44B0C
:10A150009B6903F020033B613B69A14B9B69A04ACB
:10A1600043F0200393619E4B9B6903F02003FB6047
:10A17000FB689B4B9B699A4A43F480739361984BAD
:10A180009B6903F48073BB60BB68954B9B69944AE1
:10A1900043F008039361924B9B6903F008037B60D3
:10A1A0007B684FF480533B6502237B650123BB65CD
:10A1B0000323FB6507F1500319468A48FBF726FA8B
:10A1C00020233B6507F1500319468748FBF71EFA29
:10A1D00010233B6507F1500319468348FBF716FA35
:10A1E00001233B6507F1500319467E48FBF70EFA41
:10A1F00001233B6501237B6507F1500319467B482A
:10A20000FBF704FA7A4B4FF020421A60784B794AF8
:10A210005A60774B06229A60754B0022DA60744BC5
:10A2200010225A61724B00229A61714B0022DA614E
:10A230006F4B00225A626E4B4FF480529A626C4B05
:10A240000022DA626A4B4FF480421A63684B0022A4
:10A250005A63674B00229A6300237B630023BB632E
:10A260000F23FB630023FB640023BB610023FB611E
:10A2700001233B6200233B6307F1180207F134031B
:10A2800019465B48FCF712FB3220FAF7E1FDD320B8
:10A29000FFF724FBFFF75CFB03461A46564B9A80F8
:10A2A000FFF756FB03461A46534B9A80FFF750FBC5
:10A2B00003461A46504B9A804F4B9B881B029AB21A
:10A2C0004D4B9A80FFF744FB03461A464A4B9B8846
:10A2D00013439AB2484B9A80474B9B8849F24132CC
:10A2E000934200F032810420FFF7F8FAFFF730FBC9
:10A2F00003461A46404B9A80FFF72AFB03461A464C
:10A300003D4B9A80FFF724FB03461A463A4B9A804E
:10A31000394B9B881B029AB2374B9A80FFF718FB88
:10A3200003461A46344B9B8813439AB2324B9A80A9
:10A33000314B9B8848F25252934203D12E4B47F245
:10A3400089729A802C4B9B8847F28972934200F065
:10A35000FC80D420FFF7C2FAFFF7FAFA03461A4648
:10A36000254B9A80FFF7F4FA03461A46224B9A804F
:10A37000FFF7EEFA03461A461F4B9A801E4B9B8846
:10A380001B029AB21C4B9A80FFF7E2FA03461A4668
:10A39000194B9B8813439AB2174B9A80164B9B8894
:10A3A00045F21032934200F0D080D320FFF796FAA6
:10A3B000FFF7CEFA03461A460F4B9A80FFF7C8FA0A
:10A3C00003461A460C4B9A80FFF7C2FA03461A4618
:10A3D000094B9A80084B9B881B029AB20EE000BF83
:10A3E000001002400020014000140140000C014018
:10A3F00090040020040100A0D80400207E4B9A8025
:10A40000FFF7A6FA03461A467B4B9B8813439AB282
:10A41000794B9A80784B9B8847F29672934200F072
:10A42000948055214FF47040FFF76CFAAA214FF247
:10A430000100FFF767FA52214FF20200FFF762FABC
:10A4400008214FF20300FFF75DFA01214FF20400EB
:10A45000FFF758FA4FF44540FFF740FAFFF778FA54
:10A4600003461A46644B9A80634B9B881B029AB240
:10A47000614B9A804CF20150FFF730FAFFF768FA0F
:10A4800003461A465C4B9B8813439AB25A4B9A80F8
:10A490000520FAF7DDFC584B9B8845F21052934299
:10A4A00053D0D320FFF71AFAFFF752FA03461A46A1
:10A4B000514B9A80FFF74CFA03461A464E4B9A804E
:10A4C000FFF746FA03461A464B4B9A804A4B9B8845
:10A4D0001B029AB2484B9A80FFF73AFA03461A4693
:10A4E000454B9B8813439AB2434B9A80424B9B88BF
:10A4F00049F60602934228D0A120FFF7EFF9FFF7B3
:10A5000027FA03461A463C4B9A80FFF721FA034686
:10A510001A46394B9A80384B9B881B029AB2364BAD
:10A520009A80FFF715FA03461A46334B9B8813436C
:10A530009AB2314B9A80304B9B8845F261729342BC
:10A5400003D12D4B41F663129A802B4B9B88194601
:10A550002A48F8F7CDF9284B9B8847F28972934235
:10A5600002D1FCF77DFD37E0234B9B8849F2413255
:10A57000934202D1FCF74AFE2EE01F4B9B8845F226
:10A580001032934202D1FCF759FF25E01A4B9B8809
:10A5900047F29672934202D1FDF7CBFE1CE0164BB8
:10A5A0009B8845F21052934202D1FDF7A7FF13E0BA
:10A5B000114B9B8849F60602934202D1FEF71EFF1B
:10A5C0000AE00D4B9B8841F66312934204D1FFF7DA
:10A5D000B7F86420FFF750FC0020FFF781FC012250
:10A5E00001210748FBF7BDF94FF6FF7000F00AF8AC
:10A5F00000BF6037BD4680BDD804002088D9000860
:10A60000000C014080B584B000AF0346FB800023FE
:10A61000FB60114B1B88BB600F4B5B881A46BB6805
:10A6200002FB03F3BB6000210020FFF7B1F9FFF745
:10A63000A1F90023FB6005E0084AFB885380FB6812
:10A640000133FB60FA68BB689A42F5D300BF00BFD4
:10A650001037BD4680BD00BFD8040020FE07006C47
:10A6600090B587B000AF0446084611461A46234607
:10A67000FB800346BB800B46FB701346BB70BB8858
:10A68000FB8100237B7300233B61BB78DB08DBB2DB
:10A690001A46BB7803F00703DBB2002B14BF01237B
:10A6A0000023DBB21344DBB2BA785208D2B202FB09
:10A6B00003F37B73FB78203BFB70BB780C3B142BC4
:10A6C00000F2998001A252F823F000BF21A70008F0
:10A6D000F7A70008F7A70008F7A7000833A70008A6
:10A6E000F7A70008F7A70008F7A70008F7A70008D2
:10A6F000F7A70008F7A70008F7A700083FA700087A
:10A70000F7A70008F7A70008F7A70008F7A70008B1
:10A71000F7A70008F7A70008F7A7000851A7000847
:10A72000FA7813465B0013449B00364A13443B619E
:10A7300014E0FB781B01344A13443B610EE0FA78C5
:10A740001346DB0013449B00304A13443B6105E091
:10A75000FB789B012E4A13443B6100BF00237B75AD
:10A7600044E07B7D3A6913441B78FB750023BB757D
:10A7700034E097F91730002B06DABA8DB988FB88D8
:10A780001846FFF75DFB0AE097F82830002B06D14A
:10A79000204B1A68B988FB881846FFF751FBFB7DF0
:10A7A0005B00FB75BB880133BB801B4B5B88BA88A1
:10A7B0009A4222D2BA88FB89D21ABB789A420AD12D
:10A7C000FB89BB80FB880133FB80134B1B88FA8815
:10A7D0009A4207D312E0BB7D0133BB75BB7D072BCB
:10A7E000C7D900E000BF7B7D01337B757A7D7B7B21
:10A7F0009A42B6D302E000BF00E000BF1C37BD465E
:10A8000090BD00BF54DD0008C8E10008B8E70008AB
:10A8100014F50008D4010020D804002090B587B0BA
:10A8200002AF0446084611461A462346FB800346FB
:10A83000BB800B467B8013463B80FB88FB737A888A
:10A84000FB8813447B803A88BB8813443B8027E015
:10A85000FA887B889A4207D3FB7BFB8097F82030ED
:10A860009AB2BB881344BB80BA883B889A4220D2F4
:10A870007B6A1A7897F82040B988F8883B8D019355
:10A88000002300932346FFF7EBFE97F820305B0888
:10A89000DBB21A46FB881344FB807B6A01337B6280
:10A8A0007B6A1B787E2B05D87B6A1B781F2BCFD841
:10A8B00000E000BF00BF1437BD4690BD80B588B032
:10A8C00000AF364B9B69354A43F040039361334BED
:10A8D0009B6903F04003FB60FB68304B9B692F4A88
:10A8E00043F0400393612D4B9B6903F04003BB6031
:10A8F000BB682A4B9B69294A43F040039361274B6D
:10A900009B6903F040037B607B68244B9B69234A6F
:10A9100043F004039361214B9B6903F004033B6004
:10A920003B6810233B6100237B610123BB61032350
:10A93000FB6107F1100319461948FAF767FE08236F
:10A940003B6100237B610123BB610323FB6107F1B2
:10A95000100319461248FAF759FE04233B610023FD
:10A960007B610123BB610323FB6107F110031946DF
:10A970000B48FAF74BFE01233B6100237B61022366
:10A98000BB610323FB6107F1100319460548FAF781
:10A990003DFE00BF2037BD4680BD00BF0010024015
:10A9A000001801400008014080B584B000AF0346A4
:10A9B000FB710023FB73FB79002B02D0384B012283
:10A9C0001A70374B1B78002B46D010213548FAF708
:10A9D000B1FF0346002B14D008213248FAF7AAFF32
:10A9E0000346002B0DD004212E48FAF7A3FF03469F
:10A9F000002B06D001212C48FAF79CFF0346012BBF
:10AA00002AD10A20FAF724FA254B00221A701021C5
:10AA10002448FAF78FFF0346002B01D10123FB7373
:10AA200008212048FAF786FF0346002B01D10223B4
:10AA3000FB7304211B48FAF77DFF0346002B01D16D
:10AA40000323FB7301211848FAF774FF0346012B17
:10AA500021D10423FB731EE010211248FAF76AFF8C
:10AA60000346012B17D108210E48FAF763FF03466E
:10AA7000012B10D104210B48FAF75CFF0346012B90
:10AA800009D101210848FAF755FF0346002B02D1EE
:10AA9000034B01221A70FB7B18461037BD4680BD60
:10AAA000D8010020001801400008014080B594B092
:10AAB00000AF754B9B69744A43F480739361724B8A
:10AAC0009B6903F480733B623B6A6F4B9B696E4AE0
:10AAD00043F0200393616C4B9B6903F02003FB61FF
:10AAE000FB69694B9B69684A43F020039361664B9D
:10AAF0009B6903F02003BB61BB69634B5B69624ADE
:10AB000043F480735361604B5B6903F480737B6132
:10AB10007B695D4B9B695C4A43F0200393615A4B10
:10AB20009B6903F020033B613B69574B9B69564A85
:10AB300043F040039361544B9B6903F04003FB6077
:10AB4000FB68514B9B69504A43F0800393614E4B25
:10AB50009B6903F08003BB60BB684B4B9B694A4A0F
:10AB600043F480739361484B9B6903F480737B606B
:10AB70007B684FF480633B6402237B640123BB64E6
:10AB80000323FB6407F1400319464048FAF73EFDF2
:10AB900020233B6407F1400319463D48FAF736FD90
:10ABA00010233B6407F1400319463948FAF72EFD9C
:10ABB0004FF603733B6402237B640123BB640323CE
:10ABC000FB6407F1400319463148FAF71FFD4FF6C1
:10ABD00083733B6407F1400319462E48FAF716FDCC
:10ABE0004FF23F033B6407F1400319462A48FAF746
:10ABF0000DFD3F233B6407F1400319462348FAF754
:10AC000005FD264B4FF020421A60244B244A5A601F
:10AC1000224B04229A60214B0022DA601F4B002253
:10AC20001A611E4B10225A611C4B00229A611B4B69
:10AC30000022DA61194B00225A62184B4FF48052FD
:10AC40009A62164B0022DA62144B00221A63134BED
:10AC500000225A63114B00229A6300237B62002377
:10AC6000BB620123FB6200233B630023FB6307F10C
:10AC7000240207F1240319460848FBF717FE00BF1A
:10AC80005037BD4680BD00BF00100240002001408B
:10AC90000014014000180140001C0140E80400209D
:10ACA000040100A080B584B000AF03460A46FB80D3
:10ACB0001346BB80164BDB69154A43F02003D36172
:10ACC000134BDB6903F02003FB60FB68114B124A56
:10ACD0001A60BB880F4A53600E4B00229A60FB88B3
:10ACE0000C4AD3600B4B00221A610A48FBF702FFA3
:10ACF000002206213720FAF72EFB3720FAF747FB10
:10AD00000448FBF74FFF00BF1037BD4680BD00BFB2
:10AD100000100240780500200014004080B584B087
:10AD200000AF03460A46FB801346BB80164BDB6927
:10AD3000154A43F01003D361134BDB6903F0100392
:10AD4000FB60FB68114B124A1A60BB880F4A5360C4
:10AD50000E4B00229A60FB880C4AD3600B4B0022FA
:10AD60001A610A48FBF7C6FE002206213620FAF7D0
:10AD7000F2FA3620FAF70BFB0448FBF713FF00BF8B
:10AD80001037BD4680BD00BF0010024030050020D6
:10AD90000010004080B500AF0248FBF763FF00BF22
:10ADA00080BD00BF7805002080B500AF0248FBF7EA
:10ADB00059FF00BF80BD00BF3005002080B582B0C4
:10ADC00000AF78607B680D4A934207D120210C4880
:10ADD000FAF7DFFD0B48F5F761FA0AE07B680A4AEB
:10ADE000934206D120210948FAF7D3FD0848F5F728
:10ADF00055FA00BF0837BD4680BD00BF780500206A
:10AE0000000C014094D900083005002000180140D2
:10AE1000B4D9000880B487B000AFF8600B467A6000
:10AE2000FB72FB687B6104E07B695A1C7A61FA7AE9
:10AE30001A707B685A1E7A60002BF5D100BF00BFE4
:10AE40001C37BD4680BC704780B584B000AF034658
:10AE5000FB710223FB73FB790B4A043352F8230086
:10AE6000FB790A4A52F82330FA7B02FB03F31A46B5
:10AE70000021FFF7CFFFFB79034A134401221A7622
:10AE800000BF1037BD4680BDDC010020D40C010896
:10AE900080B485B000AF0346FB710023FB60002344
:10AEA000BB6010E0FB79144A043352F82320BB68DE
:10AEB0005B0013441B88002B02D0FB680133FB604E
:10AEC000BB680133BB60FB790C4A52F82330BA6887
:10AED0009A42E7D3FB684FF47A7203FB02F2FB79E4
:10AEE000064951F82330B2FBF3F39BB218461437EE
:10AEF000BD4680BC704700BFDC010020D40C0108B7
:10AF000080B483B000AF78607B6803F108027B688F
:10AF10005A607B684FF0FF329A607B6803F1080249
:10AF20007B68DA607B6803F108027B681A617B68E2
:10AF300000221A6000BF0C37BD4680BC704780B449
:10AF400083B000AF78607B6800221A6100BF0C37C5
:10AF5000BD4680BC704780B485B000AF7860396072
:10AF60007B685B68FB603B68FA685A60FB689A68BC
:10AF70003B689A60FB689B683A685A60FB683A686D
:10AF80009A603B687A681A617B681B685A1C7B6808
:10AF90001A6000BF1437BD4680BC704780B485B0CE
:10AFA00000AF786039603B681B68BB60BB68B3F179
:10AFB000FF3F03D17B681B69FB600CE07B680833B3
:10AFC000FB6002E0FB685B68FB60FB685B681B681A
:10AFD000BA689A42F6D2FB685A683B685A603B6886
:10AFE0005B683A689A603B68FA689A60FB683A68FE
:10AFF0005A603B687A681A617B681B685A1C7B68D8
:10B000001A6000BF1437BD4680BC704780B485B05D
:10B0100000AF78607B681B69FB607B685B687A685F
:10B0200092689A607B689B687A6852685A60FB688D
:10B030005B687A689A4203D17B689A68FB685A60B9
:10B040007B6800221A61FB681B685A1EFB681A6045
:10B05000FB681B6818461437BD4680BC704700006B
:10B0600080B584B000AF786039600123FB607B68F5
:10B07000BB60BB68002B05D14FF488723A493B484E
:10B08000F7F736FCBB68002B5DD0BB68DB6B002B91
:10B0900059D0BB681A6CBB68DB6B0021A3FB022391
:10B0A000002B00D001210B46002B4CD102F032FBCB
:10B0B000BB681A68BB68DB6BB968096C01FB03F3FA
:10B0C0001A44BB689A60BB6800229A63BB681A681E
:10B0D000BB685A60BB681A68BB68DB6B013BB96828
:10B0E000096C01FB03F31A44BB68DA60BB68FF22FA
:10B0F00083F84420BB68FF2283F845203B68002B7F
:10B1000014D1BB681B69002B1AD0BB6810331846DA
:10B1100001F02AFA0346002B12D0154B4FF0805253
:10B120001A60BFF34F8FBFF36F8F09E0BB68103316
:10B130001846FFF7E5FEBB6824331846FFF7E0FE2C
:10B1400002F016FB01E00023FB60FB68002B05D139
:10B1500040F2451204490548F7F7CAFBFB68184658
:10B160001037BD4680BD00BFD4D90008F4D900080F
:10B1700004ED00E080B58AB002AFF860B960134614
:10B18000FB710023FB61FB68002B2ED00021BA6805
:10B19000FB68A3FB0223002B00D001210B46002BF0
:10B1A00023D1FB68BA6802FB03F313F1550F1CD8D7
:10B1B000FB68BA6802FB03F3BB61BB6954331846F2
:10B1C00001F0C4FFF861FB69002B17D0FB697B61BC
:10B1D0007B6954337B61FA79FB69009313467A6982
:10B1E000B968F86800F014F808E0FB69002B05D195
:10B1F0004FF4E37204490548F7F77AFBFB691846F8
:10B200002037BD4680BD00BFD4D90008F4D900085E
:10B2100080B584B000AFF860B9607A60FB70BB683D
:10B22000002B03D1BB69BA691A6002E0BB697A6876
:10B230001A60BB69FA68DA63BB69BA681A640121EB
:10B24000B869FFF70DFFBB69FA7883F85020BB6936
:10B2500000229A6400BF1037BD4680BD80B58AB019
:10B2600000AFF860B9607A6000237B62FB683B62E4
:10B270003B6A002B05D140F251525F495F48F7F716
:10B2800037FBBB68002B03D13B6A1B6C002B01D141
:10B29000012300E00023002B05D140F2555256490E
:10B2A0005648F7F725FB01F075FB0346002B02D14A
:10B2B0007B68002B01D1012300E00023002B05D186
:10B2C00040F25A524C494D48F7F712FB02F022FA6D
:10B2D0003B6A9B6BFB61FB69002B1FD0B968386A26
:10B2E00000F0FAF8FB695A1E3B6A9A633B6A1B69D5
:10B2F000002B0FD03B6A1033184601F035F9034696
:10B30000002B07D03E4B4FF080521A60BFF34F8F97
:10B31000BFF36F8F02F02CFA012369E07B68002BEA
:10B3200003D102F025FA002362E07B6A002B06D1EC
:10B3300007F11403184601F0EBF901237B6202F0D8
:10B3400017FA00F025FE02F0E5F93B6A93F8443065
:10B350005BB2B3F1FF3F03D13B6A002283F8442084
:10B360003B6A93F845305BB2B3F1FF3F03D13B6AD0
:10B37000002283F8452002F0FBF93A1D07F114037F
:10B380001146184601F0DAF90346002B23D1386A3A
:10B3900000F027F90346002B17D03B6A24337A6864
:10B3A0001146184601F078F8386A00F0BBF800F052
:10B3B000FDFD0346002B89D1114B4FF080521A60DE
:10B3C000BFF34F8FBFF36F8F80E7386A00F0AAF8A2
:10B3D00000F0ECFD7AE7386A00F0A4F800F0E6FD32
:10B3E000386A00F0FEF80346002B3FF46FAF0023ED
:10B3F00018462837BD4680BDD4D90008F4D90008C6
:10B4000004ED00E080B586B000AFF860B9607A6006
:10B4100000237B61FB689B6B3B61FB681B6C002B13
:10B420000DD1FB681B68002B4DD1FB689B6818464B
:10B4300001F0CEFA7861FB6800229A6043E07B68F5
:10B44000002B19D1FB685868FB681B6C1A46B96859
:10B45000F6F7DAFEFB685A68FB681B6C1A44FB6857
:10B460005A60FB685A68FB689B689A422BD3FB685A
:10B470001A68FB685A6026E0FB68D868FB681B6C9A
:10B480001A46B968F6F7C0FEFB68DA68FB681B6C01
:10B490005B421A44FB68DA60FB68DA68FB681B6889
:10B4A0009A4207D2FB689A68FB681B6C5B421A449D
:10B4B000FB68DA607B68022B05D13B69002B02D068
:10B4C0003B69013B3B613B695A1CFB689A637B69A2
:10B4D00018461837BD4680BD80B582B000AF786091
:10B4E00039607B681B6C002B18D07B68DA687B683E
:10B4F0001B6C1A447B68DA607B68DA687B689B683F
:10B500009A4203D37B681A687B68DA607B68D968E3
:10B510007B681B6C1A463868F6F776FE00BF083762
:10B52000BD4680BD80B584B000AF786002F0F2F80F
:10B530007B6893F84530FB731EE07B689B6C002BA7
:10B5400008D0786800F0E4F80346002B10D001F032
:10B5500065F90DE07B685B6A002B12D07B682433B1
:10B56000184601F001F80346002B01D001F056F90E
:10B57000FB7B013BDBB2FB7397F90F30002BDCDC6C
:10B5800000E000BF7B68FF2283F8452002F0F0F85E
:10B5900002F0C0F87B6893F84430BB7311E07B681D
:10B5A0001B69002B12D07B681033184600F0DCFFBB
:10B5B0000346002B01D001F031F9BB7B013BDBB22C
:10B5C000BB7397F90E30002BE9DC00E000BF7B680D
:10B5D000FF2283F8442002F0CBF800BF1037BD46AD
:10B5E00080BD80B584B000AF786002F093F87B68CE
:10B5F0009B6B002B02D10123FB6001E00023FB6069
:10B6000002F0B6F8FB6818461037BD4680BD000052
:10B6100080B584B000AF786039607B68002B05D1BD
:10B6200040F6C8221D491E48F7F762F90023BB60A7
:10B630003B68002B24D00023FB601EE0194AFB6806
:10B64000DB0013445B687A689A4205D1FB68DB0033
:10B65000144A1344BB6013E0BB68002B0AD1114AA3
:10B66000FB6852F83330002B04D1FB68DB000D4A35
:10B670001344BB60FB680133FB60FB68072BDDD91B
:10B68000BB68002B05D0BB683A681A60BB687A6853
:10B690005A6000BF1037BD4680BD00BFD4D9000836
:10B6A000F4D900084085002080B586B000AFF8606E
:10B6B000B9607A60FB687B6102F02CF87B6993F8D3
:10B6C00044305BB2B3F1FF3F03D17B69002283F8C2
:10B6D00044207B6993F845305BB2B3F1FF3F03D15F
:10B6E0007B69002283F8452002F042F87B699B6B5E
:10B6F000002B06D17B6924337A68B968184600F0BC
:10B70000EFFE7869FFF70EFF00BF1837BD4680BD1A
:10B7100080B586B000AF78607B689B6C3B6100238E
:10B720007B613B69002B05D140F6D532254926487F
:10B73000F7F7DEF83B699A6B3B69DB6B9A4205D3FE
:10B7400040F6D6321F492048F7F7D2F83B699A6B8A
:10B750003B69DB6B9A422FD23B6993F84530FB7310
:10B760003B1D002219463869FFF74CFE786197F9B6
:10B770000F30B3F1FF3F0ED13B695B6A002B1BD04A
:10B780003B692433184600F0EFFE0346002B13D02C
:10B7900001237B6110E097F90F307F2B05D140F634
:10B7A000F63208490848F7F7A3F8FB7B0133DBB210
:10B7B0005AB23B6983F845207B6918461837BD4665
:10B7C00080BD00BFD4D90008F4D9000880B58CB082
:10B7D00004AFF860B9603B601346FB80FB889B00B8
:10B7E000184601F0B3FC78617B69002B0ED05C2019
:10B7F00001F0ACFCF861FB69002B03D0FB697A69AE
:10B800001A6305E0786901F075FD01E00023FB6132
:10B81000FB69002B13D0FA8800230393FB69029382
:10B82000FB6A0193BB6A00933B68B968F86800F053
:10B830000FF8F86900F0AEF80123BB6102E04FF0A9
:10B84000FF33BB61BB6918462037BD4680BD000091
:10B8500080B586B000AFF860B9607A603B60BB6AC3
:10B86000186B7B689B001A46A521F4F731FEBB6A72
:10B870001A6B7B6803F18043013B9B0013443B61DF
:10B880003B6923F007033B613B6903F00703002B8F
:10B8900005D04FF458723D493D48F7F729F8BB6889
:10B8A000002B1FD000237B6112E0BA687B69134430
:10B8B0001978BA6A7B69134434330A461A70BA6835
:10B8C0007B6913441B78002B06D07B6901337B61B5
:10B8D0007B690F2BE9D900E000BFBB6A002283F827
:10B8E000432003E0BB6A002283F834203B6A1F2B0D
:10B8F00005D940F2973225492548F6F7F9FF3B6A0A
:10B900001F2B01D91F233B62BB6A3A6ADA62BB6A0A
:10B910003A6ADA64BB6A00221A65BB6A04331846C5
:10B92000FFF70DFBBB6A18331846FFF708FBBB6A2D
:10B93000BA6A1A613B6AC3F12002BB6A9A61BB6AA8
:10B94000BA6A5A62BB6A5433042200211846F4F7DB
:10B95000BFFDBB6A5833012200211846F4F7B8FD39
:10B96000BB6A002283F859203A68F968386901F007
:10B97000D7FD0246BB6A1A607B6A002B02D07B6A45
:10B98000BA6A1A6000BF1837BD4680BD04DA0008E5
:10B9900024DA000880B584B000AF786001F0BAFE08
:10B9A000404B1B6801333F4A13603F4B1B68002B21
:10B9B00009D13D4A7B6813603A4B1B68012B10D1BB
:10B9C00000F050FF0DE0394B1B68002B09D1364BBE
:10B9D0001B68DA6A7B68DB6A9A4202D8324A7B6863
:10B9E0001360334B1B680133314A1360304B1A68C4
:10B9F0007B685A647B68DB6A01229A402D4B1B6886
:10BA000013432C4A13607B68DA6A2B4913469B0068
:10BA100013449B000B4404331B68FB607B68FA688B
:10BA20009A60FB689A687B68DA60FB689B687A6852
:10BA300004325A607B681A1DFB689A607B68DA6A78
:10BA400013469B0013449B001B4A1A447B685A61AF
:10BA50007B68DA6A184913469B0013449B000B4429
:10BA60001B68591C144813469B0013449B00034455
:10BA7000196001F07DFE0D4B1B68002B0ED00A4BA8
:10BA80001B68DA6A7B68DB6A9A4207D20B4B4FF07D
:10BA900080521A60BFF34F8FBFF36F8F00BF103714
:10BAA000BD4680BD748800208085002080880020ED
:10BAB000908800207C8800208485002004ED00E030
:10BAC00080B584B000AF786001F024FE7B68002B65
:10BAD00002D1394B1B6800E07B68FB60FB680433D4
:10BAE0001846FFF793FA0346002B15D1FB68DA6A74
:10BAF000324913469B0013449B000B441B68002BE8
:10BB00000AD1FB68DB6A012202FA03F3DA432C4B09
:10BB10001B6813402A4A1360FB689B6A002B04D001
:10BB2000FB6818331846FFF771FA264B1B68013380
:10BB3000244A1360204B1B68FA689A420BD1FB68B9
:10BB4000043319462048FFF706FA204B1B680133DF
:10BB50001E4A136006E01E4B1B68013B1C4A136023
:10BB600000F0FEFE01F004FE134B1B68FA689A42D7
:10BB700002D0F86800F0E4FE164B1B68002B16D0CC
:10BB80000D4B1B68FA689A4211D1134B1B68002BAE
:10BB900005D040F2DC4211491148F6F7A9FE114BDD
:10BBA0004FF080521A60BFF34F8FBFF36F8F00BF0B
:10BBB0001037BD4680BD00BF8085002084850020F1
:10BBC0007C88002090880020488800205C88002025
:10BBD00074880020808800209C88002004DA0008F7
:10BBE00024DA000804ED00E080B584B000AF78608E
:10BBF0000023FB607B68002B12D0114B1B68002BCD
:10BC000005D040F249520F490F48F6F771FE00F097
:10BC1000BFF90021786800F079FF00F0C7F9F860FB
:10BC2000FB68002B07D1094B4FF080521A60BFF31D
:10BC30004F8FBFF36F8F00BF1037BD4680BD00BF71
:10BC40009C88002004DA000824DA000804ED00E0F3
:10BC500080B584B000AF786001F05CFD7B68002B9C
:10BC600002D1404B1B6800E07B68BB60BB680433BB
:10BC70001846FFF7CBF90346002B15D1BB68DA6AEB
:10BC8000394913469B0013449B000B441B68002B4F
:10BC90000AD1BB68DB6A012202FA03F3DA43334BB1
:10BCA0001B681340314A1360BB689B6A002B04D0A9
:10BCB000BB6818331846FFF7A9F9BB680433194667
:10BCC0002B48FFF748F90023FB6010E0BA68FB68D7
:10BCD000134458331B78DBB2012B05D1BA68FB68DB
:10BCE0001344583300221A70FB680133FB60FB6871
:10BCF000002BEBDD01F03CFD1E4B1B68002B05D03B
:10BD000001F008FD00F02CFE01F032FD154B1B6820
:10BD1000BA689A4222D1174B1B68002B12D0164BDF
:10BD20001B68002B05D040F2FD6214491448F6F759
:10BD3000DFFD144B4FF080521A60BFF34F8FBFF3FB
:10BD40006F8F0BE00A4B1A680F4B1B689A4203D1A6
:10BD5000044B00221A6001E000F046FB00BF1037E0
:10BD6000BD4680BD80850020848500207C88002021
:10BD700060880020808800209C88002004DA000869
:10BD800024DA000804ED00E07488002080B584B057
:10BD900000AF78600023FB607B68BB607B68002B92
:10BDA00005D140F227720C490C48F6F7A1FDBB689B
:10BDB0005B690B4A93420AD1BB689B6A094A93426A
:10BDC00005D0BB689B6A002B01D10123FB60FB6897
:10BDD00018461037BD4680BD04DA000824DA000892
:10BDE000608800203488002080B584B000AF78607F
:10BDF0007B68FB607B68002B05D140F251723649AD
:10BE00003648F6F775FD364B1B68FA689A425FD0E4
:10BE1000FB68002B5CD001F07DFCF868FFF7B6FFF3
:10BE20000346002B52D0FB6804331846FFF7EEF8A8
:10BE3000FB68DB6A01229A402A4B1B681343294A9C
:10BE40001360FB68DA6A284913469B0013449B0081
:10BE50000B4404331B68BB60FB68BA689A60BB681C
:10BE60009A68FB68DA60BB689B68FA6804325A60BB
:10BE7000FB681A1DBB689A60FB68DA6A13469B0070
:10BE800013449B00184A1A44FB685A61FB68DA6A3B
:10BE9000154913469B0013449B000B441B68591C17
:10BEA000114813469B0013449B0003441960FB6830
:10BEB000DA6A0B4B1B68DB6A9A4207D30B4B4FF0D5
:10BEC00080521A60BFF34F8FBFF36F8F01F050FCA9
:10BED00000BF1037BD4680BD04DA000824DA000830
:10BEE000808500207C8800208485002004ED00E00F
:10BEF00080B584B002AF1D4B019300230093002353
:10BF000080221B491B48FFF761FC78607B68012B8E
:10BF100002D100F07FFE78607B68012B16D14FF0D4
:10BF2000500383F31188BFF36F8FBFF34F8F3B60D4
:10BF300000BF114B4FF0FF321A60104B01221A6004
:10BF40000F4B00221A6001F069FB09E07B68B3F136
:10BF5000FF3F05D14FF404620A490B48F6F7C8FCCD
:10BF60000A4B1B6800BF0837BD4680BD988800207B
:10BF700034DA000835C80008948800208088002042
:10BF80007888002004DA000824DA0008DC0C0108B4
:10BF900080B400AF044B1B680133034A136000BF39
:10BFA000BD4680BC704700BF9C88002080B586B02D
:10BFB00000AF00237B6100233B616E4B1B68002BAD
:10BFC00005D140F6B3026C496C48F6F791FC01F0DC
:10BFD000A1FB684B1B68013B664A1360654B1B68FD
:10BFE000002B40F0C080664B1B68002B00F0BB802C
:10BFF0008AE0644BDB68DB687B617B699B6ABB60C2
:10C000007B69DB697A69126A9A607B691B6A7A6963
:10C01000D2695A60BB685A687B6918339A4203D167
:10C020007B691A6ABB685A607B6900229A62BB68A6
:10C030001B685A1EBB681A607B695B697B607B6901
:10C040009B687A69D2689A607B69DB687A699268D2
:10C050005A607B685A687B6904339A4203D17B69D2
:10C06000DA687B685A607B6900225A617B681B68CA
:10C070005A1E7B681A607B69DB6A01229A40424B38
:10C080001B681343404A13607B69DA6A3F491346D1
:10C090009B0013449B000B4404331B683B607B698B
:10C0A0003A689A603B689A687B69DA603B689B688B
:10C0B0007A6904325A607B691A1D3B689A607B6911
:10C0C000DA6A13469B0013449B00304A1A447B698A
:10C0D0005A617B69DA6A2D4913469B0013449B0021
:10C0E0000B441B68591C294813469B0013449B00B2
:10C0F000034419607B69DA6A254B1B68DB6A9A4244
:10C1000002D3244B01221A601E4B1B68002B7FF4C4
:10C1100070AF7B69002B01D000F022FC1E4B1B6826
:10C12000FB60FB68002B10D000F048F80346002BA2
:10C1300002D0184B01221A60FB68013BFB60FB68D0
:10C14000002BF1D1144B00221A60124B1B68002BFC
:10C1500009D001233B61114B4FF080521A60BFF3AD
:10C160004F8FBFF36F8F01F003FB3B691846183701
:10C17000BD4680BD9C88002004DA000824DA00084F
:10C1800074880020348800207C880020848500206A
:10C1900080850020888800208488002004ED00E04D
:10C1A00080B483B000AF044B1B687B607B6818468B
:10C1B0000C37BD4680BC70477888002080B588B0B9
:10C1C00000AF0023FB617B4B1B68002B40F0E78036
:10C1D000794B1B680133BB61774ABB691360BB694C
:10C1E000002B1BD1754B1B681B68002B05D040F63C
:10C1F000C72273497348F6F77BFB704B1B687B6162
:10C20000714B1B686D4A13606F4A7B6913606F4BFB
:10C210001B6801336D4A136000F0A2FB6C4B1B6876
:10C22000BA699A42C0F0A680644B1B681B68002B59
:10C2300004D1674B4FF0FF321A609BE05F4B1B68E5
:10C24000DB68DB683B613B695B68FB60BA69FB6884
:10C250009A4203D25E4AFB6813608BE03B695B69DC
:10C26000BB603B699B683A69D2689A603B69DB684E
:10C270003A6992685A60BB685A683B6904339A42CB
:10C2800003D13B69DA68BB685A603B6900225A6196
:10C29000BB681B685A1EBB681A603B699B6A002B0F
:10C2A0001ED03B699B6A7B603B69DB693A69126A15
:10C2B0009A603B691B6A3A69D2695A607B685A681E
:10C2C0003B6918339A4203D13B691A6A7B685A600A
:10C2D0003B6900229A627B681B685A1E7B681A6061
:10C2E0003B69DB6A01229A403A4B1B681343394A87
:10C2F00013603B69DA6A384913469B0013449B007C
:10C300000B4404331B683B603B693A689A603B68A6
:10C310009A683B69DA603B689B683A6904325A6004
:10C320003B691A1D3B689A603B69DA6A13469B00B9
:10C3300013449B00284A1A443B695A613B69DA6AF4
:10C34000254913469B0013449B000B441B68591C52
:10C35000214813469B0013449B00034419603B692A
:10C36000DA6A1E4B1B68DB6A9A42FFF45DAF012359
:10C37000FB6159E7194B1B68DA6A174913469B00A2
:10C3800013449B000B441B68012B01D90123FB6163
:10C39000134B1B68002B07D00123FB6104E0114BFA
:10C3A0001B6801330F4A1360FB6918462037BD46EE
:10C3B00080BD00BF9C880020788800202C88002049
:10C3C00004DA000824DA0008308800208C88002075
:10C3D000948800207C8800208485002080850020AF
:10C3E000888800208488002080B584B000AF234B6B
:10C3F0001B68002B03D0224B01221A603AE0204B2D
:10C4000000221A601F4B1B687B607B68B3FA83F3C2
:10C41000FB70FB78C3F11F03FB601B49FA681346EE
:10C420009B0013449B000B441B68002B05D140F676
:10C43000024216491648F6F75BFAFA6813469B0063
:10C4400013449B00104A1344BB60BB685B685A6886
:10C45000BB685A60BB685A68BB6808339A4204D10B
:10C46000BB685B685A68BB685A60BB685B68DB681E
:10C47000084A136000BF1037BD4680BD9C8800206D
:10C48000888800207C8800208485002004DA000849
:10C4900024DA00088085002080B582B000AF786083
:10C4A00039607B68002B05D140F61C4209490A48D7
:10C4B000F6F71EFA094B1B68183319467868FEF721
:10C4C0006DFD0121386800F021FB00BF0837BD4633
:10C4D00080BD00BF04DA000824DA0008808500204F
:10C4E00080B586B000AFF860B9607A60FB68002B59
:10C4F00005D140F6524219491948F6F7F9F9FB6897
:10C500005B687B61174B1B687A69DA61154B1B68A6
:10C510007A6992681A62134B1A687B699B681832B1
:10C520005A60104B1B6803F118027B699A600D4B2F
:10C530001B68FA689A62FB681B685A1CFB681A60E1
:10C540007B68002B02D04FF0FF33BB607968B8687E
:10C5500000F0DCFA00BF1837BD4680BD04DA0008E1
:10C5600024DA00088085002080B588B000AF7860AC
:10C570007B68DB68DB68BB61BB69002B05D140F6DB
:10C5800082425B495B48F6F7B3F9BB699B6A7B6102
:10C59000BB69DB69BA69126A9A60BB691B6ABA69CE
:10C5A000D2695A607B695A68BB6918339A4203D1D1
:10C5B000BB691A6A7B695A60BB6900229A627B690F
:10C5C0001B685A1E7B691A604B4B1B68002B5ED19F
:10C5D000BB695B69FB60BB699B68BA69D2689A609A
:10C5E000BB69DB68BA6992685A60FB685A68BB69C4
:10C5F00004339A4203D1BB69DA68FB685A60BB69AD
:10C6000000225A61FB681B685A1EFB681A60BB69EE
:10C61000DB6A01229A40394B1B681343374A136087
:10C62000BB69DA6A364913469B0013449B000B44EE
:10C6300004331B68BB60BB69BA689A60BB689A68C0
:10C64000BB69DA60BB689B68BA6904325A60BB692F
:10C650001A1DBB689A60BB69DA6A13469B001344D3
:10C660009B00274A1A44BB695A61BB69DA6A2449AC
:10C6700013469B0013449B000B441B68591C204825
:10C6800013469B0013449B00034419601BE01D4BA1
:10C690005B683B61BB693A69DA613B699A68BB696F
:10C6A0001A623B699B68BA6918325A60BB6903F128
:10C6B00018023B699A60BB69124A9A62114B1B6867
:10C6C0000133104A1360BB69DA6A0F4B1B68DB6ADF
:10C6D0009A4205D90123FB610C4B01221A6001E04B
:10C6E0000023FB61FB6918462037BD4680BD00BFB3
:10C6F00004DA000824DA00089C8800207C880020E6
:10C7000084850020348800208085002088880020CF
:10C7100080B483B000AF7860064B1A687B681A60FB
:10C72000054B1A687B685A6000BF0C37BD4680BC59
:10C73000704700BF8C8800207888002080B586B0C4
:10C7400000AF786039607B68002B05D140F6FD4270
:10C750002D492E48F6F7CCF83B68002B05D140F662
:10C76000FE4229492948F6F7C3F800F0D3FF284BC9
:10C770001B683B617B685B683A69D31AFB60254B99
:10C780001B6893F85930002B07D0224B1B680022FE
:10C7900083F8592001237B612EE03B681B68B3F1CD
:10C7A000FF3F02D100237B6126E07B681A681A4BA9
:10C7B0001B689A420AD07B685B683A699A4205D343
:10C7C00001237B613B6800221A6015E03B681B680F
:10C7D000FA689A420BD23B681A68FB68D21A3B6827
:10C7E0001A607868FFF794FF00237B6104E03B68E0
:10C7F00000221A6001237B6100F0BAFF7B691846B2
:10C800001837BD4680BD00BF04DA000824DA0008EE
:10C8100078880020808500208C88002080B400AFBC
:10C82000034B01221A6000BFBD4680BC704700BFA9
:10C830008888002080B582B000AF786000F052F8A0
:10C84000064B1B68012BF9D9054B4FF080521A603B
:10C85000BFF34F8FBFF36F8FF0E700BF84850020D9
:10C8600004ED00E080B582B000AF00237B600CE0F7
:10C870007A6813469B0013449B00124A13441846DF
:10C88000FEF73EFB7B6801337B607B681F2BEFD993
:10C890000D48FEF735FB0D48FEF732FB0C48FEF75E
:10C8A0002FFB0C48FEF72CFB0B48FEF729FB0B4B2C
:10C8B000054A1A600A4B054A1A6000BF0837BD4690
:10C8C00080BD00BF848500200488002018880020D7
:10C8D0003488002048880020608800202C880020B0
:10C8E0003088002080B582B000AF19E000F012FF60
:10C8F000104BDB68DB687B607B6804331846FEF70F
:10C9000085FB0D4B1B68013B0B4A13600B4B1B68EF
:10C91000013B0A4A136000F02BFF786800F010F822
:10C92000064B1B68002BE1D100BF00BF0837BD4696
:10C9300080BD00BF48880020748800205C880020EB
:10C9400080B582B000AF78607B681B6B184600F042
:10C95000D1FC786800F0CEFC00BF0837BD4680BD32
:10C9600080B400AF094B1B681B68002B04D1084B37
:10C970004FF0FF321A6005E0044B1B68DB681B6850
:10C98000034A136000BFBD4680BC70472C8800205E
:10C990009488002080B483B000AF0B4B1B68002B41
:10C9A00002D101237B6008E0084B1B68002B02D1F9
:10C9B00002237B6001E000237B607B6818460C3714
:10C9C000BD4680BC704700BF808800209C88002046
:10C9D00080B586B000AF78607B683B6100237B61E7
:10C9E0007B68002B00F08280434B1B683A699A42B7
:10C9F00005D041F24F0241494148F5F779FF3B69C3
:10CA00001B6D002B05D141F250023C493C48F5F723
:10CA10006FFF3B691B6D5A1E3B691A653B69DA6AF9
:10CA20003B69DB6C9A4261D03B691B6D002B5DD189
:10CA30003B6904331846FEF7E9FA0346002B0AD196
:10CA40003B69DB6A012202FA03F3DA432D4B1B68D0
:10CA500013402C4A13603B69DA6C3B69DA623B692C
:10CA6000DB6AC3F120023B699A613B69DB6A012200
:10CA70009A40244B1B681343224A13603B69DA6ACD
:10CA8000214913469B0013449B000B4404331B684D
:10CA9000FB603B69FA689A60FB689A683B69DA60F8
:10CAA000FB689B683A6904325A603B691A1DFB684F
:10CAB0009A603B69DA6A13469B0013449B00124A52
:10CAC0001A443B695A613B69DA6A0F4913469B0075
:10CAD00013449B000B441B68591C0B4813469B00D6
:10CAE00013449B000344196001237B617B69184652
:10CAF0001837BD4680BD00BF8085002004DA0008DD
:10CB000024DA00087C8800208485002080B586B067
:10CB100000AF78603960384B1B687B61374B1B680E
:10CB2000002283F85920354B1B6804331846FEF762
:10CB30006DFA0346002B0BD1304B1B68DB6A0122D8
:10CB400002FA03F3DA432E4B1B6813402C4A13609E
:10CB50007B68B3F1FF3F24D13B68002B21D0294BE8
:10CB60005B683B61254B1B683A699A60234B1B68E5
:10CB70003A699268DA60214B1A683B699B68043213
:10CB80005A601E4B1B681A1D3B699A601B4B1B6841
:10CB90001C4A5A611B4B1B6801331A4A136000BFC1
:10CBA00026E07A697B681344FB60144B1B68FA68C3
:10CBB0005A60FA687B699A4209D2134B1A680F4B84
:10CBC0001B68043319461046FEF7E8F910E00F4BD6
:10CBD0001A680A4B1B68043319461046FEF7DEF943
:10CBE0000B4B1B68FA689A4202D2094AFB68136031
:10CBF00000BF1837BD4680BD7888002080850020A2
:10CC00007C88002060880020308800202C8800204C
:10CC10009488002080B584B002AF00237B6000F0D0
:10CC20005FFA0F4B1B68002B0BD00E4B01931F2399
:10CC3000009300234FF480720B490C48FEF7C6FDA9
:10CC400078607B68002B05D140F219120849094829
:10CC5000F5F74EFE7B6818460837BD4680BD00BF1D
:10CC6000D0880020D48800204CDA00081DCD0008B0
:10CC700054DA000874DA000880B584B000AFF860B8
:10CC8000B9607A6008E0FB689B69BA681344BB60CE
:10CC9000FB681B6AF8689847FB689A69BB68D118FB
:10CCA000BB687A68F86800F0DDF80346002BEAD12B
:10CCB00000BF00BF1037BD4680BD000080B584B006
:10CCC00000AF78603960144B1B68DB68DB68FB6081
:10CCD000FB6804331846FEF799F9FB6893F828308F
:10CCE00003F00403002B05D03A687968F868FFF771
:10CCF000C3FF08E0FB6893F8283023F00103DAB2A1
:10CD0000FB6883F82820FB681B6AF868984700BF17
:10CD10001037BD4680BD00BFC888002080B584B0F4
:10CD200000AF786007F10803184600F059F8F86082
:10CD3000BB681946F86800F005F800F0D5F800BFA8
:10CD4000F0E7000080B584B000AF78603960FFF78D
:10CD50001FF907F10803184600F064F8F860BB6893
:10CD6000002B30D13B68002B0AD17A68FB689A42CD
:10CD700006D8FFF71BF9F9687868FFF79FFF24E0F2
:10CD80003B68002B08D0134B1B681B68002B01D19C
:10CD9000012300E000233B600F4B18687A68FB68B2
:10CDA000D31A3A681946FEF77FFCFFF7FFF80346EF
:10CDB000002B0AD1094B4FF080521A60BFF34F8FFE
:10CDC000BFF36F8F01E0FFF7F1F800BF1037BD46EA
:10CDD00080BD00BFCC880020D088002004ED00E09A
:10CDE00080B485B000AF78600D4B1B681B68002BCA
:10CDF00001D1012200E000227B681A607B681B6879
:10CE0000002B05D1064B1B68DB681B68FB6001E04B
:10CE10000023FB60FB6818461437BD4680BC704792
:10CE2000C888002080B584B000AF7860FFF7B8F9FB
:10CE3000F8600B4B1B68FA689A4205D200F02AF999
:10CE40007B6801221A6002E07B6800221A60044AB3
:10CE5000FB681360FB6818461037BD4680BD00BFF5
:10CE6000D888002080B586B000AFF860B9607A60DD
:10CE70003B6000237B61FB68BA685A60FB68FA6814
:10CE80001A61BA687B689A4212D87A683B68D21AEB
:10CE9000FB689B699A4202D301237B611BE0104B24
:10CEA0001A68FB68043319461046FEF777F812E05B
:10CEB0007A683B689A4206D2BA683B689A4202D3C3
:10CEC00001237B6107E0074B1A68FB6804331946AE
:10CED0001046FEF763F87B6918461837BD4680BDDB
:10CEE000CC880020C888002080B588B000AFBBE0A7
:10CEF0007B68002B13DA3B1D0433FB61FB69002BBD
:10CF000005D140F2063260496048F5F7F1FCFB6953
:10CF10001B68FA695068FA699268114698477B68FD
:10CF2000002BC0F2A180FB68BB61BB695B69002B71
:10CF300004D0BB6904331846FEF768F83B46184630
:10CF4000FFF770FF78617B68013B082B00F2898056
:10CF500001A252F823F000BF7DCF00087DCF00086A
:10CF6000E5CF0008F9CF000839D000087DCF0008D0
:10CF70007DCF0008E5CF0008F9CF0008BB6993F822
:10CF8000283043F00103DAB2BB6983F82820BA687D
:10CF9000BB699B69D118BB687A69B869FFF762FF02
:10CFA0000346002B5FD0BB6993F8283003F00403DD
:10CFB000002B09D0BA68BB699B6913447A6919468A
:10CFC000B869FFF759FE08E0BB6993F8283023F0F1
:10CFD0000103DAB2BB6983F82820BB691B6AB86910
:10CFE000984740E0BB6993F8283023F00103DAB298
:10CFF000BB6983F8282037E0BB6993F8283043F0F9
:10D000000103DAB2BB6983F82820BA68BB699A6168
:10D01000BB699B69002B05D140F259321A491B4864
:10D02000F5F766FCBB699A697B69D1187B697A69F7
:10D03000B869FFF717FF17E0BB6993F8283003F0D2
:10D040000203002B03D1B86900F054F90CE0BB696E
:10D0500093F8283023F00103DAB2BB6983F8282063
:10D0600002E000BF00E000BF094B1B68391D002231
:10D070001846FEF7F3F80346002B7FF439AF00BFE4
:10D0800000BF2037BD4680BD54DA000874DA0008BE
:10D09000D088002080B582B000AF09E00E4B1B683D
:10D0A000DB681B683B604FF0FF313868FFF706FE16
:10D0B000094B1B681B68002BF0D1074B1B687B607A
:10D0C000064B1B68044A1360044A7B68136000BF68
:10D0D0000837BD4680BD00BFC8880020CC8800202E
:10D0E00080B500AF00F016FB124B1B68002B1DD162
:10D0F0001148FDF705FF1148FDF702FF104B0E4ADE
:10D100001A60104B0D4A1A60002210210520FEF70C
:10D1100031F80346074A1360064B1B68002B05D005
:10D12000044B1B6808491846FEF772FA00F020FB12
:10D1300000BF80BDD0880020A0880020B4880020D7
:10D14000C8880020CC88002084DA000880B586B02A
:10D1500000AF78600023FB60FEF71AFF5D4B1B6891
:10D16000002B01D100F022F95B4B1A687B68134059
:10D17000002B40F09C807B68002B28D008227B6825
:10D1800013447A689A4222D208227B6813447B6057
:10D190007B6803F00703002B1CD07B6823F0070398
:10D1A00008337A689A420FD27B6823F0070308336A
:10D1B0007B607B6803F00703002B0BD09C22474960
:10D1C0004748F5F795FB05E000237B6002E000236C
:10D1D0007B6000E000BF7B68002B68D0414B1B6880
:10D1E0007A689A4263D8404B3B613F4B1B687B6136
:10D1F00004E07B693B617B691B687B617B695B68E1
:10D200007A689A4203D97B691B68002BF1D1314BB4
:10D210001B687A699A424AD03B691B68082213440A
:10D22000FB607B691A683B691A607B695A687B6896
:10D23000D21A08235B009A4219D97A697B68134491
:10D24000BB60BB6803F00703002B04D0CF22234947
:10D250002348F5F74DFB7B695A687B68D21ABB6897
:10D260005A607B697A685A60B86800F001F91D4B12
:10D270001A687B695B68D31A1A4A1360194B1A68DB
:10D280001A4B1B689A4203D2164B1B68174A13604D
:10D290007B695A68104B1B681A437B695A607B692B
:10D2A00000221A60124B1B680133114A1360FEF70B
:10D2B0007DFEFB6803F00703002B05D04FF4887256
:10D2C00006490748F5F714FBFB6818461837BD46B2
:10D2D00080BD00BFE4B00020F8B000208CDA000868
:10D2E000BCDA0008E8B00020DCB00020ECB0002080
:10D2F000F0B0002080B584B000AF78607B68FB6040
:10D300007B68002B43D008235B42FA681344FB6020
:10D31000FB68BB60BB685A681F4B1B681340002B3F
:10D3200005D14FF492721D491D48F5F7E1FABB682B
:10D330001B68002B05D040F2251218491848F5F754
:10D34000D7FABB685A68144B1B681340002B1ED0D9
:10D35000BB681B68002B1AD1BB685A680E4B1B6850
:10D36000DB431A40BB685A60FEF712FEBB685A687E
:10D370000C4B1B6813440B4A1360B86800F078F834
:10D38000094B1B680133084A1360FEF70FFE00BF0C
:10D390001037BD4680BD00BFF8B000208CDA000811
:10D3A000BCDA0008E8B00020F4B0002080B485B0FA
:10D3B00000AF4FF42053BB60274BFB60FB6803F0CA
:10D3C0000703002B0CD0FB680733FB60FB6823F0DE
:10D3D0000703FB60BA68FB68D31A1F4A1344BB609B
:10D3E000FB687B601D4A7B6813601C4B00225A60FF
:10D3F0007B68BA681344FB600822FB689B1AFB60D9
:10D40000FB6823F00703FB60FB68154A1360144BAD
:10D410001B6800225A60124B1B6800221A607B684E
:10D420003B603B68FA68D21A3B685A600C4B1A683A
:10D430003B681A603B685B680A4A13603B685B683C
:10D44000094A1360094B4FF000421A6000BF1437BD
:10D45000BD4680BC704700BFDC880020DCB00020E7
:10D46000E4B00020ECB00020E8B00020F8B00020CC
:10D4700080B485B000AF7860274BFB6002E0FB68AA
:10D480001B68FB60FB681B687A689A42F7D8FB68E8
:10D49000BB60FB685B68BA6813447A689A4208D13B
:10D4A000FB685A687B685B681A44FB685A60FB68D3
:10D4B0007B607B68BB607B685B68BA681A44FB680A
:10D4C0001B689A4218D1FB681A68144B1B689A4271
:10D4D0000DD07B685A68FB681B685B681A447B68E0
:10D4E0005A60FB681B681A687B681A6008E00B4B7F
:10D4F0001A687B681A6003E0FB681A687B681A6028
:10D50000FA687B689A4202D0FB687A681A6000BFAA
:10D510001437BD4680BC7047DCB00020E4B000206A
:10D5200080B485B000AFF860B9607A60FB68043BF6
:10D53000FB60FB684FF080721A60FB68043BFB6085
:10D54000BB6823F00102FB681A60FB68043BFB60C8
:10D55000084AFB681A60FB68143BFB607A68FB684A
:10D560001A60FB68203BFB60FB6818461437BD4619
:10D5700080BC704779D5000880B582B000AF002329
:10D580003B600E4B1B68B3F1FF3F04D0CE220C4929
:10D590000C48F5F7ADF94FF0500383F31188BFF352
:10D5A0006F8FBFF34F8F7B6000BF00BF3B68002BC6
:10D5B000FCD000BF00BF0837BD4680BDF801002089
:10D5C000CCDA000800DB00080000000000000000CA
:10D5D000074B19680868B0E8F00F80F30988BFF3BB
:10D5E0006F8F4FF0000080F311884EF00D0E7047E2
:10D5F0008085002000BF00BF06480068006880F3F7
:10D60000088862B661B6BFF34F8FBFF36F8F00DF3C
:10D6100000BF000008ED00E000BF00BF80B584B08F
:10D6200000AF354BFB60FB681B78DBB2BB60FB686F
:10D63000FF221A70FB681B78DBB2FB71FB79DBB24F
:10D6400003F05003DAB22D4B1A702D4B07221A60EB
:10D6500009E02B4B1B68013B294A1360FB79DBB2C5
:10D660005B00DBB2FB71FB79DBB203F08003802B44
:10D67000EFD0234B1B68C3F10703042B05D04FF4F5
:10D680009A7220492048F5F733F91D4B1B68C3F106
:10D690000703042B05D040F23D121A491A48F5F74A
:10D6A00027F9174B1B681B02154A1360144B1B68A4
:10D6B00003F4E063124A1360BB68DAB2FB681A70C5
:10D6C000124B1B68114A43F4700313600F4B1B6825
:10D6D0000E4A43F07043136000F0B8F80C4B002280
:10D6E0001A60FFF789FFFEF77FFEFFF745FF002373
:10D6F00018461037BD4680BD00E400E0FCB00020B5
:10D7000000B10020CCDA000800DB000820ED00E0CA
:10D71000F801002080B582B000AF4FF0500383F3D2
:10D720001188BFF36F8FBFF34F8F7B6000BF0C4B2F
:10D730001B6801330A4A1360094B1B68012B0AD18D
:10D74000084B1B68DBB2002B05D04FF4BE720649B4
:10D750000648F5F7CDF800BF0837BD4680BD00BFCD
:10D76000F801002004ED00E0CCDA000800DB00083E
:10D7700080B582B000AF0E4B1B68002B05D140F284
:10D7800083120C490C48F5F7B3F8094B1B68013BB1
:10D79000074A1360064B1B68002B05D100237B60F2
:10D7A0007B6883F3118800BF00BF0837BD4680BD8A
:10D7B000F8010020CCDA000800DB000800000000BF
:10D7C000EFF30980BFF36F8F0D4B1A6820E9F00F5C
:10D7D00010602DE908404FF0500080F31188FEF7EB
:10D7E00003FE4FF0000080F31188BDE8084019687F
:10D7F0000868B0E8F00F80F30988BFF36F8F7047B7
:10D800008085002000BF00BF80B582B000AF4FF020
:10D81000500383F31188BFF36F8FBFF34F8F7B608B
:10D8200000BFFEF7CBFC0346002B03D0064B4FF0A6
:10D8300080521A6000233B603B6883F3118800BF6D
:10D8400000BF0837BD4680BD04ED00E080B400AFE6
:10D850000A4B00221A600A4B00221A60094B1B680F
:10D86000094AA2FB03235B0A084A013B1360034BEE
:10D8700003221A6000BFBD4680BC704710E000E084
:10D8800018E000E0C8010020D34D621014E000E071
:10D890000D4885460D480E490E4A0023C4188C4297
:10D8A00000D303E0D55825600433F7E70A480B4955
:10D8B0000022884200D302E040F8042BF9E7F7F792
:10D8C0007DF8F7F74DF8FEE700000120000000208A
:10D8D000FC010020280E01080002002004B10020F5
:10D8E000FEE70000F8B500BFF8BC08BC9E467047D4
:0CD8F000F8B500BFF8BC08BC9E467047AD
:10D900004672656552544F53000000004C45442058
:10D91000426C696E6B2044656D6F00004C4544306D
:10D920003A203530306D73004C4544313A20323066
:10D93000306D730073746172745F7461736B000097
:10D940007461736B310000007461736B320000000E
:10D950007461736B330000004C4544303A205375BA
:10D960007370656E646564004C4544303A205265BE
:10D9700073756D656420200002030405060708091D
:10D980000A0B0C0D0E0F10104C43442049443A254D
:10D99000780D0A0054494D37205570646174652034
:10D9A000496E746572727570742121212121210DD7
:10D9B0000000000054494D362055706461746520A4
:10D9C000496E746572727570742121212121210DB7
:10D9D000000000004D6964646C6577617265732FA7
:10D9E0004672656552544F532F71756575652E6388
:10D9F000000000004572726F723A2025732C2025BA
:10DA0000640D0A004D6964646C6577617265732FFB
:10DA10004672656552544F532F7461736B732E6356
:10DA2000000000004572726F723A2025732C202589
:10DA3000640D0A0049444C450000000009256309B3
:10DA400025750925750925750D0A0000546D72208C
:10DA5000537663004D6964646C6577617265732FFA
:10DA60004672656552544F532F74696D6572732EFB
:10DA7000630000004572726F723A2025732C2025D6
:10DA8000640D0A00546D7251000000004D69646419
:10DA90006C6577617265732F4672656552544F539A
:10DAA0002F706F727461626C652F4D656D4D616E84
:10DAB000672F686561705F342E6300004572726F76
:10DAC000723A2025732C2025640D0A004D69646488
:10DAD0006C6577617265732F4672656552544F535A
:10DAE0002F706F727461626C652F4743432F4152F0
:10DAF0004D5F434D332F706F72742E630000000032
:10DB00004572726F723A2025732C2025640D0A002D
:10DB100005000000190000007D000000000000006A
:10DB2000000000000000F03F000000000000244062
:10DB300000000000000059400000000000408F403D
:10DB4000000000000088C34000000000006AF840A8
:10DB50000000000080842E4100000000D0126341CC
:10DB60000000000084D797410000000065CDCD4142
:10DB7000000000205FA00242000000E87648374223
:10DB8000000000A2941A6D42000040E59C30A242C1
:10DB90000000901EC4BCD64200003426F56B0C4336
:10DBA0000080E03779C3414300A0D88557347643DD
:10DBB00000C84E676DC1AB43003D9160E458E1433E
:10DBC000408CB5781DAF154450EFE2D6E41A4B44B3
:10DBD00092D54D06CFF08044F64AE1C7022DB544F8
:10DBE000B49DD9794378EA44BC89D897B2D29C3C99
:10DBF00033A7A8D523F649393DA7F444FD0FA53234
:10DC00009D978CCF08BA5B25436FAC642806C80A81
:10DC10000080E03779C34143176E05B5B5B8934628
:10DC2000F5F93FE9034F384D321D30F94877825AF4
:10DC30003CBF737FDD4F1575002020202020202061
:10DC400020202828282828202020202020202020AC
:10DC500020202020202020202088101010101010BC
:10DC60001010101010101010100404040404040408
:10DC700004040410101010101010414141414141A2
:10DC80000101010101010101010101010101010184
:10DC90000101010110101010101042424242424294
:10DCA0000202020202020202020202020202020254
:10DCB00002020202101010102000000000000000FC
:10DCC0000000000000000000000000000000000054
:10DCD0000000000000000000000000000000000044
:10DCE0000000000000000000000000000000000034
:10DCF0000000000000000000000000000000000024
:10DD00000000000000000000000000000000000013
:10DD10000000000000000000000000000000000003
:10DD200000000000000000000000000000000000F3
:10DD300000000000000000000000000000000000E3
:10DD400000000000010203040607080900000000AB
:10DD500001020304000000000000000000000000B9
:10DD6000000000003F400000000000000000300004
:10DD7000400030004000000009000BC03D000BC017
:10DD80003D00090018C024407FE02240318000009F
:10DD9000180024C01B000D803240018003801C400D
:10DDA00027401C8007400040100060000000000079
:10DDB000000000000000000000001F802040402004
:10DDC0000000402020401F800000000009000600E5
:10DDD0001F80060009000000040004003F800400CA
:10DDE00004000000001000600000000000000000BF
:10DDF00004000400040004000400000000000040CF
:10DE00000000000000000000002001C006003800F3
:10DE1000400000001F802040204020401F80000064
:10DE2000000010403FC000400000000018C021402A
:10DE3000224024401840000010802040244024400C
:10DE40001B80000002000D0011003FC001400000D7
:10DE50003C80244024402440238000001F80244034
:10DE600024403440038000003000200027C03800E8
:10DE7000200000001B802440244024401B80000020
:10DE80001C0022C0224022401F8000000000000031
:10DE900008400000000000000000000004600000D6
:10DEA00000000000000004000A0011002080404033
:10DEB00009000900090009000900000000004040B5
:10DEC000208011000A0004001800200023402400D4
:10DED000180000001F802040274029401F400000FC
:10DEE000004007C039000F0001C0004020403FC083
:10DEF000244024401B8000001F8020402040204000
:10DF00003080000020403FC0204020401F800000A3
:10DF100020403FC024402E4030C0000020403FC081
:10DF200024402E00300000000F00108020402240CE
:10DF30003380020020403FC0040004003FC0204066
:10DF4000204020403FC020402040000000602020B2
:10DF500020203FC02000200020403FC024400B0074
:10DF600030C0204020403FC020400040004000C062
:10DF70003FC03C0003C03C003FC0000020403FC009
:10DF80000C4023003FC020001F8020402040204044
:10DF90001F80000020403FC02440240018000000E3
:10DFA0001F802140214020E01FA0000020403FC0F2
:10DFB0002440260019C0004018C0244024402240BC
:10DFC00031800000300020403FC020403000000081
:10DFD00020003F80004000403F80200020003E00A5
:10DFE00001C0070038002000380007C03C0007C00F
:10DFF00038000000204039C0060039C02040000031
:10E000002000384007C0384020000000304021C0C8
:10E010002640384020C00000000000007FE0402083
:10E0200040200000000070000C0003800040000051
:10E030000000402040207FE00000000000002000A1
:10E040004000200000000000001000100010001030
:10E050000010001000000000400000000000000060
:10E06000000002800540054003C0004020003FC082
:10E07000044004400380000000000380044004408A
:10E080000640000000000380044024403FC00040E0
:10E0900000000380054005400340000000000440EC
:10E0A0001FC0244024402000000002E0055005501D
:10E0B0000650042020403FC00440040003C000403C
:10E0C0000000044027C000400000000000100010C5
:10E0D000041027E00000000020403FC0014007007E
:10E0E00004C00440204020403FC0004000400000E9
:10E0F00007C0040007C0040003C00000044007C0BC
:10E100000440040003C000400000038004400440B9
:10E1100003800000041007F0045004400380000056
:10E12000000003800440045007F00010044007C0C2
:10E1300002400400040000000000064005400540C5
:10E1400004C00000000004001F80044000400000E4
:10E15000040007800040044007C00040040007009E
:10E1600004C0018006000400060001C0070001C0D1
:10E1700006000000044006C0010006C00440000084
:10E180000410071004E001800600040000000440B1
:10E1900005C00640044000000000000004007BE0D1
:10E1A00040200000000000000000FFF00000000020
:10E1B000000040207BE004000000000040008000E0
:10E1C000400020002000400000000000000000008F
:10E1D00000000000000000000000000000001FCC54
:10E1E000000C00000000000000000800300060008B
:10E1F0000800300060000000022003FC1E20022006
:10E2000003FC1E200220000000000E1811043FFF36
:10E2100010840C78000000000F0010840F3800C03C
:10E22000077818840078000000780F8410C4112447
:10E230000E9800E4008400080800680070000000E8
:10E24000000000000000000000000000000007E0E7
:10E250001818200440020000000040022004181892
:10E2600007E00000000000000240024001800FF0C3
:10E2700001800240024000000080008000800FF812
:10E2800000800080008000000001000D000E0000F2
:10E2900000000000000000000000008000800080FE
:10E2A00000800080008000800000000C000C000056
:10E2B00000000000000000000000000600180060E0
:10E2C0000180060018002000000007F00808100474
:10E2D0001004080807F000000000080408041FFCF0
:10E2E000000400040000000000000E0C10141024B4
:10E2F000104411840E0C000000000C1810041104CE
:10E30000110412880C700000000000E003200424B7
:10E3100008241FFC0024000000001F981084110432
:10E320001104108810700000000007F00888110424
:10E33000110418880070000000001C00100010FC80
:10E3400013001C001000000000000E38114410845F
:10E35000108411440E38000000000700088C10449F
:10E360001044088807F00000000000000000030CC3
:10E37000030C000000000000000000000001010686
:10E3800000000000000000000000008001400220AA
:10E3900004100808100400000220022002200220BD
:10E3A00002200220022000000000100408080410CF
:10E3B000022001400080000000000E001200100C3E
:10E3C000106C10800F00000003E00C1813E41424FC
:10E3D00017C4082807D000000004003C03C41C40F8
:10E3E000074000E4001C000410041FFC1104110489
:10E3F00011040E880070000003E00C1810041004D3
:10E40000100410081C10000010041FFC100410045D
:10E410001004080807F0000010041FFC1104110488
:10E4200017C410040818000010041FFC1104110088
:10E4300017C010000800000003E00C1810041004BE
:10E4400010441C780040000010041FFC1084008061
:10E45000008010841FFC10040000100410041FFC36
:10E46000100410040000000000030001100110015E
:10E470001FFE10001000000010041FFC1104038098
:10E480001464181C1004000010041FFC1004000485
:10E4900000040004000C000010041FFC1F0000FC1E
:10E4A0001F001FFC1004000010041FFC0C040300DC
:10E4B00000E010181FFC100007F0080810041004FA
:10E4C0001004080807F0000010041FFC10841080DE
:10E4D000108010800F00000007F00818102410248E
:10E4E000101C080A07F2000010041FFC11041100A0
:10E4F00011C011300E0C000400000E1C1104108419
:10E50000108410441C3800001800100010041FFC78
:10E51000100410001800000010001FF81004000480
:10E52000000410041FF8100010001E0011E0001C71
:10E53000007013801C0010001FC0103C00E01F0082
:10E5400000E0103C1FC000001004180C163401C07D
:10E5500001C01634180C100410001C00130400FC39
:10E5600013041C00100000000804101C1064108428
:10E5700013041C04101800000000000000007FFEBF
:10E580004002400240020000000030000C00038006
:10E590000060001C00030000000040024002400236
:10E5A0007FFE00000000000000000000200040008E
:10E5B00040004000200000000001000100010001B7
:10E5C00000010001000100010000400040002000A7
:10E5D0000000000000000000000000980124014439
:10E5E0000144014400FC000410001FFC00880104E9
:10E5F0000104008800700000000000700088010421
:10E60000010401040088000000000070008801047B
:10E61000010411081FFC0004000000F8014401443B
:10E620000144014400C800000000010401040FFC83
:10E630001104110411001800000000D6012901295D
:10E64000012901C90106000010041FFC008401001B
:10E650000100010400FC000400000104190419FC7D
:10E66000000400040000000000000003000101019C
:10E67000190119FE0000000010041FFC00240040D6
:10E6800001B4010C010400000000100410041FFC80
:10E690000004000400000000010401FC010401006A
:10E6A00001FC0104010000FC010401FC00840100E4
:10E6B0000100010400FC0004000000F80104010452
:10E6C0000104010400F80000010101FF00850104BC
:10E6D0000104008800700000000000700088010440
:10E6E0000104010501FF00010104010401FC008493
:10E6F0000104010001800000000000CC012401247D
:10E70000012401240198000000000100010007F825
:10E710000104010400000000010001F800040004ED
:10E720000004010801FC0004010001800170000CDC
:10E73000001001600180010001F0010C003001C0F7
:10E740000030010C01F0010000000104018C007494
:10E750000170018C01040000010101810171000EB2
:10E76000001801600180010000000184010C0134E7
:10E7700001440184010C00000000000000000000C2
:10E7800001003EFC400240020000000000000000CA
:10E79000FFFF0000000000000000400240023EFCBD
:10E7A0000100000000000000000060008000800008
:10E7B0004000400020002000000000000000000099
:10E7C0000000000000000000000000000000000049
:10E7D0000000000000000000000000000000000039
:10E7E00000000000000000000000000F80380FFE55
:10E7F000380F80380000000000000000000000001A
:10E800000000000000000100000600000C000038BD
:10E8100000003100000600000C000038000030004D
:10E82000000000000000000061800067F807F98028
:10E830000061800061800061800061800067F807EE
:10E84000F98000618000000000000000000001C0AD
:10E85000E003E0F00630080418081FFFFE040E086D
:10E860000787F00381E000000000000001F00006CF
:10E870000C00040408060C7001F9C0000E00003BF7
:10E88000E000EC18070808040C180003E000000082
:10E890000001E00007F003F818041C08041708073B
:10E8A000E1D003C0E00023B0003C080020080000D5
:10E8B00010000000000000010000310000320000E4
:10E8C0001C0000000000000000000000000000002C
:10E8D0000000000000000000000000000000000038
:10E8E00000000000000000007F0001FFC00780F072
:10E8F0000C0018100004200002000000000000209E
:10E9000000021000040C00180780F001FFC0007F17
:10E9100000000000000000000000000000000000F7
:10E92000000000004200006600006600003C00009D
:10E93000180003FFC0001800003C000066000066DD
:10E94000000042000000000008000008000008006D
:10E9500000080000080001FFC000080000080000D7
:10E96000080000080000080000000000000100008E
:10E970003100003200001C00000000000000000018
:10E980000000000000000000000000000000000087
:10E990000800000800000800000800000800000847
:10E9A0000000080000080000080000080000000047
:10E9B00000000000000000003800003800003800AF
:10E9C0000000000000000000000000000000000047
:10E9D0000000000000000000000600001C000070A5
:10E9E000000180000E0000380000C0000700001C7D
:10E9F0000000300000000000000000007F8001FFE8
:10EA0000E0038070060018040008040008060018DF
:10EA100003807001FFE0007F800000000000000024
:10EA2000000001000801000801000803FFF807FFCB
:10EA3000F8000008000008000008000000000000C6
:10EA400000000001C03802C05804009804011804F6
:10EA50000218040418061C1803F81801E0F8000056
:10EA60000000000000000001C0E003C0F004000846
:10EA700004080804080806180803F41801E7F00061
:10EA800001E0000000000000000000000300000D95
:10EA90000000110000610000810803010807FFF871
:10EAA0000FFFF8000108000108000000000000004E
:10EAB00000E007FCD006080806100806100806103B
:10EAC00008061838060FF00607C000000000000016
:10EAD000000000003F8001FFE003843002081804BA
:10EAE0001008041008041008071810030FF000079E
:10EAF000C000000000000000000003C0000700008C
:10EB00000600000600F80607F806180006E00007F1
:10EB1000000006000000000000000001E1E003F733
:10EB2000F0063410041808041808040C08040C0833
:10EB300006161803F3F001C1E00000000000000019
:10EB4000F80003FC3003063804020804020804023B
:10EB5000080404100308F001FFC0007F000000005B
:10EB600000000000000000000000000000000000A5
:10EB7000703800703800703800000000000000009D
:10EB80000000000000000000000000000000000085
:10EB900000000000301A00301C00000000000000DF
:10EBA000000000000000000000000000000000085D
:10EBB000000014000022000041000080800100409D
:10EBC00002002004001008000800000000000000FF
:10EBD000210000210000210000210000210000216F
:10EBE00000002100002100002100002100000000A1
:10EBF00000000000000008000804001002002001CE
:10EC00000040008080004100002200001400000845
:10EC10000000000000000003C00004C00004000069
:10EC2000080038080F380808380810000C300007B2
:10EC3000E00003C000000000000000003F8000FF73
:10EC4000E0038070020F1006708804C088048308F7
:10EC5000047F8802C09003012000FE4000000800ED
:10EC600000180001F8003E0801C20007020007E298
:10EC70000000FE00001FC80001F800003800000876
:10EC800004000807FFF807FFF80408080408080450
:10EC9000080804080806180803F41801E7F0000142
:10ECA000E0000000000000003F8001FFE0038070F2
:10ECB00002001804000804000804000804001006FC
:10ECC00000200780C000000004000807FFF807FFCD
:10ECD000F8040008040008040008040018020010EA
:10ECE00003807001FFE0007F80000000040008073F
:10ECF000FFF807FFF80408080408080408080408D7
:10ED000008043E0804000806001801006000000026
:10ED100004000807FFF807FFF804080804080004C7
:10ED20000800040800043E00060000060000018000
:10ED300000000000000000003F8001FFE003807041
:10ED40000600180400080402080402080203F00781
:10ED500083F000020000020004000807FFF807FF2C
:10ED6000F804080800080000080000080000080077
:10ED700004080807FFF807FFF80400080000000077
:10ED8000000004000804000804000807FFF807FF5B
:10ED9000F804000804000804000800000000000057
:10EDA000000000000006000007000001040001044C
:10EDB000000104000307FFFE07FFFC04000004003D
:10EDC0000004000004000807FFF807FFF8040C081F
:10EDD000001800003E0004C7800503C80600F804C0
:10EDE000003804001800000804000807FFF807FFB7
:10EDF000F8040008000008000008000008000008EF
:10EE0000000008000018000060000000040008076F
:10EE1000FFF807800807FC00007FC00003F8000728
:10EE2000C000780007800807FFF807FFF804000813
:10EE300004000807FFF807000803C00000E0000016
:10EE40003800001E000007000001C00400F007FFAA
:10EE5000F8040000000000007F8001FFE0038070E4
:10EE6000060018040008040008060018030030011A
:10EE7000FFE0007F8000000004000807FFF807FFA4
:10EE8000F80404080404000404000404000404005A
:10EE9000060C0003F80001F0000000000000000074
:10EEA0007F8001FFE0038070060088040088040072
:10EEB000C806003C03003E01FFE6007F840000001E
:10EEC00004000807FFF807FFF80408080408000416
:10EED0000C00040F00040BC00610F003F03801E032
:10EEE0000800000800000001E0F803F030063010D0
:10EEF000041808041808040C08040C080206180278
:10EF000007F00781E0000000018000060000040017
:10EF10000004000004000807FFF807FFF8040008D9
:10EF20000400000400000600000180000400000747
:10EF3000FFE007FFF00400180000080000080000D0
:10EF40000800000800000804001007FFE0040000AB
:10EF500004000006000007E00007FE00041FE000B8
:10EF600001F80000380001E0043E0007C000060080
:10EF70000004000004000007E00007FFC0041FF8C1
:10EF80000007C007F80007FF80043FF80007C0042F
:10EF9000F80007000004000000000004000806005C
:10EFA0001807C07805F1C8003E00001F800463E820
:10EFB0000780F8060018040008000000040000069E
:10EFC000000007800007E008047C08001FF8000725
:10EFD000F800180804E0080700000600000400001C
:10EFE0000000000100080600380400F80403E804EB
:10EFF0000F08047C0805F00807C008070018040083
:10F0000060000000000000000000000000000000A0
:10F010000000003FFFFE200002200002200002202E
:10F0200000022000020000000000000000000800B4
:10F030000007000000C0000038000006000001C00A
:10F0400000003000000E0000010000000000000081
:10F050000000200002200002200002200002200008
:10F06000023FFFFE00000000000000000000000062
:10F070000000000000000000000800001000003048
:10F080000000200000300000100000080000000018
:10F09000000000000000010000010000010000016C
:10F0A000000001000001000001000001000001005B
:10F0B000000100000100000100000000000000004D
:10F0C00000200000200000100000100000000000E0
:10F0D0000000000000000000000000000000000030
:10F0E00000F00019F8001B18002208002608002470
:10F0F00008002410003FF8001FF800000800001866
:10F1000000000004000007FFF80FFFF000181800CF
:10F110001008002008002008003018001FF0000F21
:10F12000C00000000000000007C0001FF000183001
:10F13000002008002008002008003C08001C1000E7
:10F1400000600000000000000000000007C0001F79
:10F15000F0003818002008002008002008041010D3
:10F1600007FFF80FFFF00000100000000000000093
:10F1700000000007C0001FF000123000221800221B
:10F1800008002208003208001E10000E20000000B7
:10F1900000000000200000200800200801FFF80304
:10F1A000FFF80620080420080420080720000300B8
:10F1B0000000000000000000000E000E6E001FF3B3
:10F1C0000031B10020B10020B1003191001F1300C7
:10F1D0002E1E00200E00300000000004000807FF73
:10F1E000F80FFFF8001008002000002000002008A1
:10F1F000003FF8001FF800000800000000000000B9
:10F200000000002008002008002008063FF8063F04
:10F21000F8000008000008000008000000000000DE
:10F2200000000000000000000300000300200100B7
:10F230002001002003063FFE063FFC000000000006
:10F240000000000000000004000807FFF80FFFF8AE
:10F25000000188000300002FC00038F800203800AB
:10F26000200800000800000000000000000004006A
:10F270000804000804000807FFF80FFFF800000862
:10F280000000080000080000000000000020080046
:10F290003FF8003FF8001008002000003FF8003F52
:10F2A000F8001008002000003FF8003FF8000008B8
:10F2B000000000002008003FF8003FF800100800A0
:10F2C0001000002000002008003FF8001FF8000098
:10F2D000080000000000000007C0000FF000183018
:10F2E0000030080020080020080030080018300016
:10F2F0000FF00007C0000000000000002001003FE8
:10F30000FF003FFF00101100200900200800200826
:10F31000003038001FF0000FC000000000000000A7
:10F3200007C0001FF0003818002008002008002047
:10F3300009001011001FFF003FFF00000100000046
:10F34000002008002008002008003FF8003FF800D7
:10F3500008080010080020080020000030000030DD
:10F3600000000000000000000000000C78001E18E3
:10F37000003308002308002108002188002198009C
:10F3800030F0003860000000000000002000002085
:10F390000000200000FFF003FFF800200800200814
:10F3A0000020080000300000000000000000000005
:10F3B0002000003FF0007FF8000018000008000067
:10F3C00008002010003FF8007FF00000100000004F
:10F3D000000000002000003000003C00003F8000E2
:10F3E00023F0000078000070002380003C00003013
:10F3F00000002000002000003C00003FE00023F857
:10F400000000E0002700003E00003FE00021F8007F
:10F4100001E0003E00002000000000002008002065
:10F4200008003838003E680027800003C8002CF828
:10F4300000383800201800200800000000000000FC
:10F440002000003003003C01003F830023EC00005B
:10F4500070002380003C000020000020000000001D
:10F460000000000000000038080020380020F800EC
:10F4700023E8002F88003E0800380800201800000C
:10F48000700000000000000000000000000000000C
:10F490000000000008000014001FF7FC30000620E8
:10F4A000000200000000000000000000000000005A
:10F4B00000000000000000000000FFFFFF0000004F
:10F4C000000000000000000000000000000000003C
:10F4D00000002000023000061FF7FC0014000008A6
:10F4E000000000000000000000000000000000001C
:10F4F00000000018000060000040000040000020F4
:10F5000000001000000800000400000400000C00CF
:10F5100000100000000000000000000000000000DB
:10F5200000000000000000000000000000000000DB
:10F5300000000000000000000000000000000000CB
:10F5400000000000000000000000000000000000BB
:10F5500000000000000000000000000000000000AB
:10F5600000000000000000000000000007F000C0E4
:10F5700007FFE1E007F001E0000000C0000000002C
:10F58000000000000000000000000000000000007B
:10F59000000000000000000000000000002000004B
:10F5A00001C00000078000001F0000001E000000D6
:10F5B0001C20000001C00000078000001F000000A8
:10F5C0001E0000001C000000000000000000000001
:10F5D000000000000000000000180C0000180C00E3
:10F5E00000180FE0001FFC0003F80C0000180C00CE
:10F5F00000180C0000180C0000180C0000180FE098
:10F60000001FFC0003F80C0000180C0000180C0090
:10F610000000000000000000000000000000078063
:10F62000007807C000FC0640010E00200307002000
:10F63000020380200FFFFFFC0201C0200200E060F7
:10F640000130704001F03F8000F01F00000000001A
:10F650000000000000FE000001FF00000301800028
:10F6600002008060030181C001FF070000FE180056
:10F670000000E0000003BF00000CFFC000718060CC
:10F6800001C10020030180600000FFC000003F00B6
:10F690000000000000001F0000007FC000FCC0C090
:10F6A00001FF80600303E0200202782002061E2092
:10F6B00003FC074001F00380000103C000011C604F
:10F6C0000001E02000010020000100400000018056
:10F6D0000000000000000000002000001C6000008E
:10F6E0001C4000001F8000000F0000000000000010
:10F6F000000000000000000000000000000000000A
:10F7000000000000000000000000000000000000F9
:10F7100000000000000000000000000000000000E9
:10F7200000000000000000000000000000000000D9
:10F730000007F800003FFF00007807C001C000E0AC
:10F74000030000300400000808000004100000025C
:10F75000000000000000000010000002080000048B
:10F76000040000080300003001C000E0007807C07A
:10F77000003FFF000007F80000000000000000004C
:10F780000000000000000000000000000000000079
:10F79000000000000000000000000000000C180045
:10F7A000000E3800000E3800000630000003600034
:10F7B0000061438000FFFF800061430000036000A0
:10F7C00000063000000E3800000E3800000C180053
:10F7D00000000000000000000000000000008000A9
:10F7E0000000800000008000000080000000800019
:10F7F00000008000007FFF0000008000000080000B
:10F8000000008000000080000000800000008000F8
:10F81000000000000000000000000001000000E304
:10F82000000000E2000000FC000000780000000082
:10F8300000000000000000000000000000000000C8
:10F8400000000000000000000000000000000000B8
:10F8500000000000000000000000800000008000A8
:10F860000000800000008000000080000000800098
:10F870000000800000008000000080000000800088
:10F880000000800000008000000080000000800078
:10F89000000000000000000000000000000000C0A8
:10F8A000000001E0000001E0000000C000000000D6
:10F8B0000000000000000000000000000000000048
:10F8C0000000000000000000000000000000000038
:10F8D00000000000000000000000000C00000038E4
:10F8E000000000E00000038000000E00000038006F
:10F8F0000000E00000038000000E0000003800005F
:10F9000000E00000038000000E000000180000006E
:10F91000000000000000000000000000000FF800E0
:10F92000007FFF0000F00780018000C0030000603E
:10F9300002000020020000200200002003000060FE
:10F94000018000C000E00380007FFF00000FF8008E
:10F9500000000000000000000000000000000000A7
:10F9600000800020008000200080002000800060D7
:10F9700001FFFFE003FFFFE0000000600000002047
:10F980000000002000000020000000000000000037
:10F99000000000000000000000000000007800E00F
:10F9A000009801600100026002000460020008602B
:10F9B00002001060020020600200406003008060CE
:10F9C0000183006001FE00E0007C07800000000071
:10F9D00000000000000000000000000000F00780B0
:10F9E00001F007C0010000400200002002010020D9
:10F9F00002010020020100200303802001868040D4
:10FA000001FCC0C000787F8000001E0000000000E4
:10FA100000000000000000000000080000003800A6
:10FA2000000048000001880000060800000C0810D3
:10FA3000003008100040081001FFFFF003FFFFF046
:10FA400003FFFFF00000081000000810000008107D
:10FA5000000000000000000000000000000007801F
:10FA6000001F864003E10020030200200304002061
:10FA700003040020030400200304002003060040C8
:10FA8000030301C00301FF8003007E0000000000AB
:10FA90000000000000000000000000000007FC0063
:10FAA000003FFF000070C380008180C00101006042
:10FAB00003020020020200200202002002020020B5
:10FAC0000203004001C180C000C0FF8000007E0032
:10FAD00000000000000000000000000000F0000036
:10FAE00003C000000380000003000000030007E0E3
:10FAF00003003FE00301C0000306000003180000FC
:10FB0000036000000380000003000000000000000C
:10FB1000000000000000000000001F0000783F808F
:10FB200000FC60C0018EC04003078020020300205B
:10FB300002018020020180200201C0200301E04078
:10FB4000018670C000FC3F8000781F0000000000AC
:10FB50000000000000000000003F000000FF81C026
:10FB600001C0C1C00100602002002020020020204E
:10FB70000200202002002060020040C00100C1807D
:10FB800000C18F00007FFE00001FF0000000000099
:10FB90000000000000000000000000000000000065
:10FBA000000000000000000000000000000300C092
:10FBB000000781E0000781E0000300C000000000B2
:10FBC0000000000000000000000000000000000035
:10FBD0000000000000000000000000000000000025
:10FBE00000000000000000000000000000060066A9
:10FBF0000006007800000000000000000000000087
:10FC000000000000000000000000000000000000F4
:10FC10000000000000000000000000000000800064
:10FC20000001C0000003600000063000000C180056
:10FC300000180C00003006000060030000C00180C6
:10FC4000010000400200002004000010000000003D
:10FC5000000000000000000000041000000410007C
:10FC60000004100000041000000410000004100044
:10FC70000004100000041000000410000004100034
:10FC80000004100000041000000410000004100024
:10FC90000000000000000000000000000400001050
:10FCA000020000200100004000C00180006003004D
:10FCB0000030060000180C00000C18000006300090
:10FCC000000360000001C000000080000000000090
:10FCD00000000000000000000000000000780000AC
:10FCE00001F800000238000002000000040000C01B
:10FCF000040079E0040081E0040100C00403000076
:10FD0000020200000306000001FC000000F80000F1
:10FD10000000000000000000000FF800003FFE009F
:10FD20000070078000C000C00101F8400307FC20FC
:10FD3000021E04200230082002203020023FFC2056
:10FD4000013F044001800CC000E03180001FC20070
:10FD5000000000000000002000000060000003E040
:10FD600000003E200003E020003E200003E02000D1
:10FD70000380200007FC2000003FE0000003FE207D
:10FD800000003FE0000001E0000000200000002033
:10FD9000000000000000000002000020020000201F
:10FDA00003FFFFE003FFFFE002010020020100204B
:10FDB00002010020020100200201002003030020B4
:10FDC0000186806001FCC0C000F87F8000001F0039
:10FDD00000000000000000000007F800003FFF00E6
:10FDE0000070078000C000C0010000400300002038
:10FDF000020000200200002002000020020000207B
:10FE000001000040018000C003C0018000300600F6
:10FE1000000000000000000002000020020000209E
:10FE200003FFFFE003FFFFE00200002002000020CC
:10FE300002000020020000200300006001000040DA
:10FE4000018000C000F00780007FFE00000FF80076
:10FE5000000000000000000002000020020000205E
:10FE600003FFFFE003FFFFE002010020020100208A
:10FE70000201002002010020020100200203802074
:10FE8000020FE0200300006003C000E000600300F8
:10FE9000000000000000000002000020020000201E
:10FEA00003FFFFE003FFFFE002010020020100204A
:10FEB0000201000002010000020100000201000036
:10FEC00002038000030FE0000300000003C00000F5
:10FED00000600000000000000007F800003FFE0086
:10FEE0000070078001C001C0010000400300002035
:10FEF000020000200200002002000020010020205B
:10FF00000100204003C03F8000303F8000002000FF
:10FF100000002000020000200200002003FFFFE09C
:10FF200003FFFFE00200802002008020000080002C
:10FF3000000080000000800002008020020080207D
:10FF400003FFFFE003FFFFE00200002002000020AB
:10FF500000000000000000000000000000000000A1
:10FF60000200002002000020020000200200002009
:10FF700003FFFFE003FFFFE002000020020000207B
:10FF8000020000200200002000000000000000002D
:10FF900000000000000000000000000E0000000F44
:10FFA0000000000F0000000102000001020000013B
:10FFB000020000030200000603FFFFFC03FFFFF83E
:10FFC0000200000002000000020000000200000029
:10FFD00000000000000000000200002002000020DD
:10FFE00003FFFFE003FFFFE00200C020020100204A
:10FFF00000078000000FE0000030F80002603E20A3
:020000040801F1
:1000000003800F20030003E0020000E00200002054
:10001000000000200000000002000020020000207C
:1000200003FFFFE003FFFFE00200002002000020CA
:100030000000002000000020000000200000002040
:100040000000002000000060000000E0000003004D
:1000500000000000020000200200002003FFFFE07B
:1000600003E0002003FF0020001FF0000001FF80DC
:1000700000000FE000001E000003E000003E002032
:1000800003E0002003FFFFE003FFFFE00200002089
:1000900002000020020000200200002003FFFFE019
:1000A0000380002003F0002000FC0000001F00007F
:1000B0000007C0000001F00000007C0002001F806B
:1000C000020007E003FFFFE0020000000200000062
:1000D0000000000000000000000FF800003FFE00DC
:1000E00000F00780018000C00100004002000020F5
:1000F0000200002002000020020000200100004059
:10010000018000C000F00380003FFE00000FF800F7
:10011000000000000000000002000020020000209B
:1001200003FFFFE003FFFFE00200802002008020C9
:1001300002008000020080000200800002008000B7
:10014000030180000183000000FE0000007C00002D
:100150000000000000000000000FF800007FFF001A
:1001600000F00380018001C001000640020004206D
:100170000200042002000620020003E0010000F853
:100180000180005C00E0038C003FFF0C000FFC18B6
:10019000000000000000000002000020020000201B
:1001A00003FFFFE003FFFFE0020100200201002047
:1001B000020180000201E0000201FC0003033F8015
:1001C000018607E001FC00E000F8002000000020AC
:1001D00000000000000000000000000000780600A1
:1001E00000FE01E0018600C003030040020300207E
:1001F00002018020020180200201C0200200C020F4
:100200000100E060018070C003E03F8000001F003B
:1002100000000000000000000060000003800000FB
:100220000300000002000000020000200200002085
:1002300003FFFFE003FFFFE00200002002000020B8
:1002400002000000020000000380000000E0000047
:1002500000000000020000000200000003FFFF0099
:1002600003FFFFC002000040020000600000002009
:1002700000000020000000200000002002000040DC
:100280000200008003FFFF000200000002000000E7
:10029000000000000000000002000000020000005A
:1002A00003C0000003FC0000023FC0000003F80090
:1002B00000007F80000007E0000007800000780059
:1002C0000203C000023C000003C000000200000066
:1002D000020000000200000003C0000003FF8000D5
:1002E000023FFE0002007FE000000F000200F0006D
:1002F00003EF000003FF8000020FFE0000003FE05C
:1003000000001F000207E00003F8000003000000E7
:100310000200000000000000020000200200002097
:10032000038000E003F0032002FC0C20021F3000D9
:100330000007C0000007F00002187C0002601F20C8
:10034000038003E0020000E0020000200000002023
:100350000000000000000000020000000300000098
:1003600003C0000003F80000023E0020020FC0207E
:100370000001FFE000007FE000038020021C00205D
:100380000270000003800000020000000200000074
:10039000000000000000000000000020006000E0FD
:1003A000038003E003000FA002003E200200F820BB
:1003B0000203E020020F8020023E0020027800208D
:1003C00003E00060038000E0020003000000000082
:1003D000000000000000000000000000000000001D
:1003E0000000000000000000000000001FFFFFFCF4
:1003F00010000004100000041000000410000004AD
:1004000010000004100000041000000400000000B0
:1004100000000000000000000000000000000000DC
:100420000700000003C0000000780000001E00006C
:100430000003C0000000F00000001E000000078064
:10044000000000F00000003C00000006000000007A
:100450000000000000000000000000001000000488
:10046000100000041000000410000004100000043C
:1004700010000004100000041FFFFFFC000000003B
:10048000000000000000000000000000000000006C
:10049000000000000000000000000000000000005C
:1004A000000000000200000004000000080000003E
:1004B00018000000100000001800000018000000E4
:1004C0000400000002000000000000000000000026
:1004D0000000000000000001000000010000000119
:1004E0000000000100000001000000010000000108
:1004F00000000001000000010000000100000001F8
:1005000000000001000000010000000100000001E7
:1005100000000001000000000000000000000000DA
:100520001000000010000000100000001800000083
:1005300008000000040000000000000000000000AF
:1005400000000000000000000000000000000000AB
:1005500000000000000000000000038000018FC0C8
:1005600000038C60000618200004102000041020F6
:100570000004202000042040000620400003FFC0AB
:100580000001FFE00000002000000020000000C08B
:100590000000000000000000020000000200000057
:1005A00003FFFFE007FFFFC0000180C00002006002
:1005B00000020020000400200004002000040020AD
:1005C00000060040000300C00001FF800000FE00A4
:1005D00000000000000000000000000000007E009D
:1005E0000001FF80000381C00002004000060020DF
:1005F0000004002000040020000400200006002069
:100600000003C0400001C0800000030000000000A3
:1006100000000000000000000000000000007E005C
:100620000001FF80000380C000060060000400207D
:1006300000040020000400200204004002020080A8
:1006400003FFFFE007FFFFC0000000400000004084
:1006500000000000000000000000000000007E001C
:100660000001FF80000311C0000210400004106070
:1006700000041020000410200004102000061020A8
:10068000000310400001F0C00000710000000000F5
:100690000000000000000000000000000004000056
:1006A000000400200004002000040020007FFFE080
:1006B00001FFFFE0010400200304002002040020E9
:1006C00002040020020400000200000001C000003B
:1006D00001C0000000000000000000000000001C3D
:1006E0000000E33E0003FFC200020CC3000404C18B
:1006F000000404C1000404C1000404C100060CC1CC
:100700000003F8C30005F0620006007E0006003C0E
:100710000000000000000000020000200200002095
:1007200003FFFFE007FFFFE00001002000020020C0
:100730000006000000040000000400000004002087
:10074000000600200003FFE00001FFE000000020A1
:100750000000002000000000000000000000000079
:1007600000040020000400200004002000040020F9
:100770000387FFE0038FFFE00380002000000020DC
:100780000000002000000020000000000000000029
:100790000000000000000000000000000000000059
:1007A000000000060000000700000001000000013A
:1007B000000400010004000100040003000400061E
:1007C0000387FFFC038FFFF8038000000000000098
:1007D00000000000000000000200002002000020D5
:1007E00003FFFFE007FFFFE00000082000001020EB
:1007F000000030000000FC0000058E00000707A08C
:10080000000601E0000400E00004002000000020D9
:1008100000000000000000000000000000000000D8
:100820000200002002000020020000200200002040
:1008300003FFFFE007FFFFE00000002000000020B2
:100840000000002000000020000000000000000068
:100850000000000000000000000400200007FFE08E
:10086000000FFFE000020020000400000004002050
:100870000007FFE00003FFE000020020000400008A
:10088000000400200007FFE00003FFE0000000205C
:100890000000000000000000000400200004002010
:1008A0000007FFE0000FFFE0000100200002002031
:1008B000000200000004000000040000000400200A
:1008C000000600200003FFE00001FFE00000002020
:1008D00000000020000000000000000000007E007A
:1008E0000000FF80000381C00002004000060020DD
:1008F0000004002000040020000400200006002066
:1009000000020040000381C00001FF8000007E0063
:1009100000000000000000000004000100040001CD
:100920000007FFFF000FFFFF000100C100020041B0
:100930000004002000040020000400200004002027
:1009400000060040000301C00001FF8000007E009F
:1009500000000000000000000000000000007E0019
:100960000001FF80000380C000020060000400203E
:1009700000040020000400200004002000020041C8
:10098000000300C10003FFFF0007FFFF000000019C
:10099000000000010000000000040020000400200E
:1009A0000004002000040020000FFFE0000FFFE023
:1009B0000000C020000100200002002000060020EE
:1009C0000004000000040000000700000003000015
:1009D000000000000000000000000000000003E034
:1009E0000001C0E00003E040000630200004302099
:1009F00000041820000418200004182000040C2013
:100A000000020C60000307C00007838000000000A4
:100A100000000000000000000000000000040000D2
:100A20000004000000040000000C0000001FFF8014
:100A300000FFFFC00004006000040020000400204C
:100A400000040020000400400000018000000000BD
:100A5000000000000000000000040000000400008E
:100A60000007FF80000FFFC00000006000000020B2
:100A700000000020000000200000002000040040D2
:100A8000000400800007FFE0000FFFC000000040EE
:100A9000000000400000000000040000000400000E
:100AA000000780000007F0000004FE0000041FC0E3
:100AB000000003E00000038000001C000004600050
:100AC0000007800000060000000400000000000095
:100AD0000000000000040000000600000007C00045
:100AE0000007FC0000043F80000003E000040F80CA
:100AF0000006F0000007F0000007FF8000040FE090
:100B00000000038000043C000007C0000006000055
:100B1000000400000000000000000020000400208D
:100B200000040060000700E0000783200007E600E3
:100B30000004F80000003C0000045E20000587A0CF
:100B4000000601E000040060000400200000002016
:100B5000000000000000000000040000000400038A
:100B6000000700030007E0010004F80100041F0271
:100B7000000007FC000000E000000700000438004F
:100B80000007C00000060000000400000004000090
:100B9000000000000000000000000000000780606E
:100BA000000600E0000403E0000407A000040E209B
:100BB00000043C20000470200005E0200007802095
:100BC00000070060000400E0000003800000000057
:100BD0000000000000000000000000000000000015
:100BE0000000000000000000000000000000000005
:100BF00000008000000080000001400007FE3FF878
:100C000008000004100000021000000200000000B4
:100C100000000000000000000000000000000000D4
:100C200000000000000000000000000000000000C4
:100C300000000000FFFFFFFF0000000000000000B8
:100C400000000000000000000000000000000000A4
:100C50000000000000000000000000001000000282
:100C6000100000020800000407FE3FF800014000E9
:100C70000000800000008000000000000000000074
:100C80000000000000000000000000000000000064
:100C9000000000000000000018000000300000000C
:100CA0004000000040000000400000002000000064
:100CB00030000000080000000400000002000000F6
:100CC00002000000020000000C00000018000000FC
:100CD00000000000C0030000607800001F0000005A
:100CE000494E4600696E66004E414E006E616E00D0
:100CF00030000000496E66696E697479000000007A
:100D00004E614E005245454E54206D616C6C6F63D0
:100D10002073756363656564656400002E2E2F2E55
:100D20002E2F2E2E2F2E2E2F2E2E2F2E2E2F6E6567
:100D3000776C69622F6C6962632F7374646C69628B
:100D40002F64746F612E630042616C6C6F6320735B
:100D5000756363656564656400000000303132339B
:100D600034353637383941424344454600000000A7
:100D70003031323334353637383961626364656611
:100D800000000000232D302B20000000686C4C0078
:100D900065666745464700002C2066756E6374697A
:100DA0006F6E3A2000000000617373657274696FA2
:100DB0006E2022257322206661696C65643A206684
:100DC000696C6520222573222C206C696E652025B4
:100DD00064257325730A00002E2E2F2E2E2F2E2E03
:100DE0002F2E2E2F2E2E2F2E2E2F6E65776C6962B2
:100DF0002F6C6962632F7374646C69622F6D7072FB
:100E000065632E630000000043000000504F53490B
:080E1000580000002E00000054
:080E1800F013FF7F0100000050
:040E2000990100082C
:040E24007101000850
:100E280004000020000000001C02002084020020B2
:100E3800EC0200200000000000000000000000009C
:100E4800000000000000000000000000000000009A
:100E5800000000000000000000000000000000008A
:100E6800000000000000000000000000000000007A
:100E780000000000030000001C02002043000000E6
:100E8800000000000000000000000000000000005A
:100E98000000000000000000000000004300000007
:100EA800000000000000000000000000000000003A
:100EB80000000000000000000000000043000000E7
:100EC800000000000000000000000000000000001A
:100ED80000000000000000000000000043000000C7
:100EE80000000000000000000000000000000000FA
:100EF80000000000000000000000000043000000A7
:100F080000000000000000000000000000000000D9
:100F18000000000000000000000000004300000086
:100F280000000000000000000000000000000000B9
:100F38000000000000000000000000004300000066
:100F48000000000000000000000000000000000099
:100F5800000000000000000000000000193C00082C
:100F6800393D00080000000038DC0008140E0108B4
:100F7800A40D0108A40D0108A40D0108A40D010881
:100F8800A40D0108A40D0108A40D0108A40D010871
:100F9800A40D0108FFFFFFFFFFFFFFFFFFFFFFFF9B
:100FA800FFFF0000010041534349490000000000D1
:100FB8000000000000000000000000000000000029
:100FC80000000000000041534349490000000000B0
:100FD8000000000000000000000000000000000009
:100FE80000000000000000000024F40010000000D1
:100FF80001000000FFFF00000100000049AE0008EA
:1010080091AE0008C005002000000068C07D0020E7
:0C101800000C0F6800000000AAAAAAAAA1
:040000050800D89186
:00000001FF
